Date,ConsommationGazTotale,ConsommationElectricite,ConsommationTotale,month,day_of_week,is_weekend
2012-01-01,1446815.0,1237536,2684351.0,1,6,1
2012-01-02,1791945.0,1453549,3245494.0,1,0,0
2012-01-03,2005753.0,1625894,3631647.0,1,1,0
2012-01-04,1997598.0,1632020,3629618.0,1,2,0
2012-01-05,2038430.0,1660291,3698721.0,1,3,0
2012-01-06,2110627.0,1657429,3768056.0,1,4,0
2012-01-07,1914766.0,1516656,3431422.0,1,5,1
2012-01-08,1808600.0,1417014,3225614.0,1,6,1
2012-01-09,2109822.0,1612766,3722588.0,1,0,0
2012-01-10,2101160.0,1645559,3746719.0,1,1,0
2012-01-11,2131675.0,1657171,3788846.0,1,2,0
2012-01-12,2254425.0,1714842,3969267.0,1,3,0
2012-01-13,2295264.0,1706621,4001885.0,1,4,0
2012-01-14,2270743.0,1626951,3897694.0,1,5,1
2012-01-15,2325048.0,1632583,3957631.0,1,6,1
2012-01-16,2702719.0,1833633,4536352.0,1,0,0
2012-01-17,2814341.0,1888233,4702574.0,1,1,0
2012-01-18,2696501.0,1885707,4582208.0,1,2,0
2012-01-19,2265616.0,1754807,4020423.0,1,3,0
2012-01-20,2133057.0,1673721,3806778.0,1,4,0
2012-01-21,1784013.0,1480673,3264686.0,1,5,1
2012-01-22,1728166.0,1383139,3111305.0,1,6,1
2012-01-23,2043900.0,1590381,3634281.0,1,0,0
2012-01-24,2169218.0,1654867,3824085.0,1,1,0
2012-01-25,2099352.0,1636822,3736174.0,1,2,0
2012-01-26,2079116.0,1643285,3722401.0,1,3,0
2012-01-27,2224361.0,1660470,3884831.0,1,4,0
2012-01-28,2149753.0,1564500,3714253.0,1,5,1
2012-01-29,2243547.0,1575080,3818627.0,1,6,1
2012-01-30,2731344.0,1848649,4579993.0,1,0,0
2012-01-31,2892180.0,1875310,4767490.0,1,1,0
2012-02-01,3131931.0,1884017,5015948.0,2,2,0
2012-02-02,3417055.0,1655253,5072308.0,2,3,0
2012-02-03,3520229.0,1605740,5125969.0,2,4,0
2012-02-04,3257606.0,1852281,5109887.0,2,5,1
2012-02-05,3247619.0,1917281,5164900.0,2,6,1
2012-02-06,3379669.0,1664649,5044318.0,2,0,0
2012-02-07,3588525.0,1507923,5096448.0,2,1,0
2012-02-08,3672228.0,1419666,5091894.0,2,2,0
2012-02-09,3570014.0,1497094,5067108.0,2,3,0
2012-02-10,3508878.0,1621624,5130502.0,2,4,0
2012-02-11,3419969.0,1709830,5129799.0,2,5,1
2012-02-12,3326214.0,1930306,5256520.0,2,6,1
2012-02-13,3197811.0,1724973,4922784.0,2,0,0
2012-02-14,2894609.0,1980149,4874758.0,2,1,0
2012-02-15,2680336.0,1900363,4580699.0,2,2,0
2012-02-16,2512468.0,1814833,4327301.0,2,3,0
2012-02-17,2382482.0,1768303,4150785.0,2,4,0
2012-02-18,2166283.0,1581791,3748074.0,2,5,1
2012-02-19,2186698.0,1524005,3710703.0,2,6,1
2012-02-20,2626569.0,1754698,4381267.0,2,0,0
2012-02-21,2676104.0,1805899,4482003.0,2,1,0
2012-02-22,2569788.0,1777746,4347534.0,2,2,0
2012-02-23,2321765.0,1717242,4039007.0,2,3,0
2012-02-24,2062541.0,1605426,3667967.0,2,4,0
2012-02-25,1803688.0,1429949,3233637.0,2,5,1
2012-02-26,1743133.0,1349238,3092371.0,2,6,1
2012-02-27,2120674.0,1579104,3699778.0,2,0,0
2012-02-28,2053005.0,1589112,3642117.0,2,1,0
2012-02-29,1896559.0,1529485,3426044.0,2,2,0
2012-03-01,1820934.0,1506559,3327493.0,3,3,0
2012-03-02,1765541.0,1479352,3244893.0,3,4,0
2012-03-03,1582636.0,1347815,2930451.0,3,5,1
2012-03-04,1596244.0,1308040,2904284.0,3,6,1
2012-03-05,2198251.0,1591323,3789574.0,3,0,0
2012-03-06,2277015.0,1655679,3932694.0,3,1,0
2012-03-07,2322896.0,1675883,3998779.0,3,2,0
2012-03-08,2184717.0,1622767,3807484.0,3,3,0
2012-03-09,2117764.0,1605486,3723250.0,3,4,0
2012-03-10,1700629.0,1417130,3117759.0,3,5,1
2012-03-11,1560598.0,1306255,2866853.0,3,6,1
2012-03-12,1706769.0,1448159,3154928.0,3,0,0
2012-03-13,1662757.0,1442842,3105599.0,3,1,0
2012-03-14,1654879.0,1416826,3071705.0,3,2,0
2012-03-15,1545718.0,1399067,2944785.0,3,3,0
2012-03-16,1400580.0,1360320,2760900.0,3,4,0
2012-03-17,1360799.0,1256945,2617744.0,3,5,1
2012-03-18,1506731.0,1253819,2760550.0,3,6,1
2012-03-19,1864051.0,1474833,3338884.0,3,0,0
2012-03-20,1895565.0,1522034,3417599.0,3,1,0
2012-03-21,1729760.0,1490091,3219851.0,3,2,0
2012-03-22,1463248.0,1414112,2877360.0,3,3,0
2012-03-23,1351522.0,1343606,2695128.0,3,4,0
2012-03-24,1115105.0,1167378,2282483.0,3,5,1
2012-03-25,1094204.0,1078517,2172721.0,3,6,1
2012-03-26,1160356.0,1239092,2399448.0,3,0,0
2012-03-27,1218763.0,1261644,2480407.0,3,1,0
2012-03-28,1172504.0,1253474,2425978.0,3,2,0
2012-03-29,1152381.0,1246242,2398623.0,3,3,0
2012-03-30,1144803.0,1232263,2377066.0,3,4,0
2012-03-31,1186490.0,1129325,2315815.0,3,5,1
2012-04-01,1151109.0,1093124,2244233.0,4,6,1
2012-04-02,1272142.0,1293380,2565522.0,4,0,0
2012-04-03,1250135.0,1329249,2579384.0,4,1,0
2012-04-04,1343747.0,1370711,2714458.0,4,2,0
2012-04-05,1406530.0,1388077,2794607.0,4,3,0
2012-04-06,1294112.0,1350374,2644486.0,4,4,0
2012-04-07,1225333.0,1237990,2463323.0,4,5,1
2012-04-08,1221147.0,1177074,2398221.0,4,6,1
2012-04-09,1234810.0,1192254,2427064.0,4,0,0
2012-04-10,1422687.0,1390605,2813292.0,4,1,0
2012-04-11,1507402.0,1424970,2932372.0,4,2,0
2012-04-12,1518955.0,1413040,2931995.0,4,3,0
2012-04-13,1510076.0,1392314,2902390.0,4,4,0
2012-04-14,1265545.0,1262826,2528371.0,4,5,1
2012-04-15,1359656.0,1243795,2603451.0,4,6,1
2012-04-16,1777088.0,1478835,3255923.0,4,0,0
2012-04-17,1802185.0,1520872,3323057.0,4,1,0
2012-04-18,1649845.0,1489357,3139202.0,4,2,0
2012-04-19,1573587.0,1460124,3033711.0,4,3,0
2012-04-20,1521438.0,1429834,2951272.0,4,4,0
2012-04-21,1292382.0,1274905,2567287.0,4,5,1
2012-04-22,1268891.0,1204181,2473072.0,4,6,1
2012-04-23,1566244.0,1422836,2989080.0,4,0,0
2012-04-24,1576438.0,1452790,3029228.0,4,1,0
2012-04-25,1445075.0,1449123,2894198.0,4,2,0
2012-04-26,1320089.0,1389286,2709375.0,4,3,0
2012-04-27,1264173.0,1338546,2602719.0,4,4,0
2012-04-28,1017915.0,1190205,2208120.0,4,5,1
2012-04-29,913171.0,1095687,2008858.0,4,6,1
2012-04-30,978549.0,1195755,2174304.0,4,0,0
2012-05-01,875789.0,1058444,1934233.0,5,1,0
2012-05-02,1047988.0,1249361,2297349.0,5,2,0
2012-05-03,1010181.0,1252460,2262641.0,5,3,0
2012-05-04,936738.0,1231439,2168177.0,5,4,0
2012-05-05,910916.0,1114408,2025324.0,5,5,1
2012-05-06,918433.0,1056141,1974574.0,5,6,1
2012-05-07,940006.0,1157566,2097572.0,5,0,0
2012-05-08,832943.0,1062904,1895847.0,5,1,0
2012-05-09,846565.0,1206572,2053137.0,5,2,0
2012-05-10,754234.0,1202453,1956687.0,5,3,0
2012-05-11,734335.0,1181151,1915486.0,5,4,0
2012-05-12,714509.0,1041606,1756115.0,5,5,1
2012-05-13,743086.0,977505,1720591.0,5,6,1
2012-05-14,849095.0,1163641,2012736.0,5,0,0
2012-05-15,953133.0,1219990,2173123.0,5,1,0
2012-05-16,1011150.0,1243802,2254952.0,5,2,0
2012-05-17,871509.0,1076176,1947685.0,5,3,0
2012-05-18,807238.0,1121903,1929141.0,5,4,0
2012-05-19,726564.0,1055516,1782080.0,5,5,1
2012-05-20,709058.0,1008714,1717772.0,5,6,1
2012-05-21,925103.0,1237463,2162566.0,5,0,0
2012-05-22,942665.0,1257906,2200571.0,5,1,0
2012-05-23,821414.0,1210625,2032039.0,5,2,0
2012-05-24,722055.0,1188563,1910618.0,5,3,0
2012-05-25,653476.0,1159062,1812538.0,5,4,0
2012-05-26,553245.0,1005152,1558397.0,5,5,1
2012-05-27,524965.0,914750,1439715.0,5,6,1
2012-05-28,540291.0,953054,1493345.0,5,0,0
2012-05-29,624050.0,1126511,1750561.0,5,1,0
2012-05-30,666614.0,1157085,1823699.0,5,2,0
2012-05-31,676267.0,1158745,1835012.0,5,3,0
2012-06-01,689504.0,1143698,1833202.0,6,4,0
2012-06-02,545635.0,1005608,1551243.0,6,5,1
2012-06-03,529463.0,927536,1456999.0,6,6,1
2012-06-04,727876.0,1111898,1839774.0,6,0,0
2012-06-05,781988.0,1157845,1939833.0,6,1,0
2012-06-06,746266.0,1158640,1904906.0,6,2,0
2012-06-07,693342.0,1162925,1856267.0,6,3,0
2012-06-08,696894.0,1135737,1832631.0,6,4,0
2012-06-09,614970.0,998847,1613817.0,6,5,1
2012-06-10,582388.0,945795,1528183.0,6,6,1
2012-06-11,726717.0,1122794,1849511.0,6,0,0
2012-06-12,798878.0,1163664,1962542.0,6,1,0
2012-06-13,816382.0,1170276,1986658.0,6,2,0
2012-06-14,764322.0,1162195,1926517.0,6,3,0
2012-06-15,657792.0,1146373,1804165.0,6,4,0
2012-06-16,595580.0,1011213,1606793.0,6,5,1
2012-06-17,528055.0,930428,1458483.0,6,6,1
2012-06-18,652354.0,1121141,1773495.0,6,0,0
2012-06-19,701037.0,1160203,1861240.0,6,1,0
2012-06-20,714866.0,1161687,1876553.0,6,2,0
2012-06-21,694013.0,1166625,1860638.0,6,3,0
2012-06-22,674727.0,1134418,1809145.0,6,4,0
2012-06-23,564991.0,994583,1559574.0,6,5,1
2012-06-24,534481.0,934240,1468721.0,6,6,1
2012-06-25,641176.0,1132136,1773312.0,6,0,0
2012-06-26,697928.0,1182476,1880404.0,6,1,0
2012-06-27,729462.0,1190709,1920171.0,6,2,0
2012-06-28,697407.0,1200583,1897990.0,6,3,0
2012-06-29,633317.0,1161074,1794391.0,6,4,0
2012-06-30,535088.0,1022080,1557168.0,6,5,1
2012-07-01,514197.0,937711,1451908.0,7,6,1
2012-07-02,644423.0,1118726,1763149.0,7,0,0
2012-07-03,687836.0,1165661,1853497.0,7,1,0
2012-07-04,665600.0,1175815,1841415.0,7,2,0
2012-07-05,688923.0,1173182,1862105.0,7,3,0
2012-07-06,657548.0,1142106,1799654.0,7,4,0
2012-07-07,537325.0,1009705,1547030.0,7,5,1
2012-07-08,519162.0,932009,1451171.0,7,6,1
2012-07-09,603597.0,1121870,1725467.0,7,0,0
2012-07-10,641082.0,1162417,1803499.0,7,1,0
2012-07-11,658822.0,1162822,1821644.0,7,2,0
2012-07-12,674647.0,1169363,1844010.0,7,3,0
2012-07-13,641450.0,1158293,1799743.0,7,4,0
2012-07-14,540546.0,979646,1520192.0,7,5,1
2012-07-15,525108.0,931541,1456649.0,7,6,1
2012-07-16,634673.0,1117600,1752273.0,7,0,0
2012-07-17,631066.0,1165107,1796173.0,7,1,0
2012-07-18,627655.0,1179221,1806876.0,7,2,0
2012-07-19,623325.0,1171297,1794622.0,7,3,0
2012-07-20,609026.0,1148597,1757623.0,7,4,0
2012-07-21,521651.0,1005513,1527164.0,7,5,1
2012-07-22,477882.0,929959,1407841.0,7,6,1
2012-07-23,573462.0,1112953,1686415.0,7,0,0
2012-07-24,602638.0,1160588,1763226.0,7,1,0
2012-07-25,655755.0,1175192,1830947.0,7,2,0
2012-07-26,612737.0,1184744,1797481.0,7,3,0
2012-07-27,555943.0,1149883,1705826.0,7,4,0
2012-07-28,463285.0,998997,1462282.0,7,5,1
2012-07-29,446317.0,914613,1360930.0,7,6,1
2012-07-30,519201.0,1058519,1577720.0,7,0,0
2012-07-31,532464.0,1092957,1625421.0,7,1,0
2012-08-01,556028.0,1096246,1652274.0,8,2,0
2012-08-02,527600.0,1089573,1617173.0,8,3,0
2012-08-03,511305.0,1068182,1579487.0,8,4,0
2012-08-04,453824.0,960613,1414437.0,8,5,1
2012-08-05,407834.0,886878,1294712.0,8,6,1
2012-08-06,475674.0,989226,1464900.0,8,0,0
2012-08-07,494883.0,1007206,1502089.0,8,1,0
2012-08-08,497400.0,1018072,1515472.0,8,2,0
2012-08-09,494899.0,1034510,1529409.0,8,3,0
2012-08-10,495996.0,1036223,1532219.0,8,4,0
2012-08-11,416887.0,955447,1372334.0,8,5,1
2012-08-12,394310.0,890885,1285195.0,8,6,1
2012-08-13,460772.0,1005780,1466552.0,8,0,0
2012-08-14,442995.0,1028846,1471841.0,8,1,0
2012-08-15,432071.0,933999,1366070.0,8,2,0
2012-08-16,499855.0,1016618,1516473.0,8,3,0
2012-08-17,491910.0,1046093,1538003.0,8,4,0
2012-08-18,437699.0,984401,1422100.0,8,5,1
2012-08-19,403913.0,926576,1330489.0,8,6,1
2012-08-20,524442.0,1083186,1607628.0,8,0,0
2012-08-21,613259.0,1123388,1736647.0,8,1,0
2012-08-22,596247.0,1107060,1703307.0,8,2,0
2012-08-23,616687.0,1107964,1724651.0,8,3,0
2012-08-24,595539.0,1099813,1695352.0,8,4,0
2012-08-25,473576.0,982542,1456118.0,8,5,1
2012-08-26,448427.0,897640,1346067.0,8,6,1
2012-08-27,601817.0,1082011,1683828.0,8,0,0
2012-08-28,651349.0,1135737,1787086.0,8,1,0
2012-08-29,666320.0,1147740,1814060.0,8,2,0
2012-08-30,684018.0,1141250,1825268.0,8,3,0
2012-08-31,647303.0,1114940,1762243.0,8,4,0
2012-09-01,548708.0,987035,1535743.0,9,5,1
2012-09-02,486605.0,925578,1412183.0,9,6,1
2012-09-03,658525.0,1116916,1775441.0,9,0,0
2012-09-04,676541.0,1157661,1834202.0,9,1,0
2012-09-05,640380.0,1166303,1806683.0,9,2,0
2012-09-06,674438.0,1166985,1841423.0,9,3,0
2012-09-07,639131.0,1152144,1791275.0,9,4,0
2012-09-08,511422.0,1012558,1523980.0,9,5,1
2012-09-09,469087.0,936626,1405713.0,9,6,1
2012-09-10,652256.0,1132728,1784984.0,9,0,0
2012-09-11,666945.0,1173631,1840576.0,9,1,0
2012-09-12,727052.0,1160251,1887303.0,9,2,0
2012-09-13,739984.0,1153026,1893010.0,9,3,0
2012-09-14,680032.0,1141379,1821411.0,9,4,0
2012-09-15,547898.0,997261,1545159.0,9,5,1
2012-09-16,521709.0,929571,1451280.0,9,6,1
2012-09-17,668993.0,1117600,1786593.0,9,0,0
2012-09-18,704959.0,1157109,1862068.0,9,1,0
2012-09-19,718837.0,1155978,1874815.0,9,2,0
2012-09-20,771568.0,1172903,1944471.0,9,3,0
2012-09-21,733989.0,1175231,1909220.0,9,4,0
2012-09-22,664161.0,1037181,1701342.0,9,5,1
2012-09-23,579215.0,963228,1542443.0,9,6,1
2012-09-24,686702.0,1146151,1832853.0,9,0,0
2012-09-25,783049.0,1193213,1976262.0,9,1,0
2012-09-26,843371.0,1211166,2054537.0,9,2,0
2012-09-27,845427.0,1208376,2053803.0,9,3,0
2012-09-28,836741.0,1183126,2019867.0,9,4,0
2012-09-29,743369.0,1052716,1796085.0,9,5,1
2012-09-30,754653.0,994881,1749534.0,9,6,1
2012-10-01,885957.0,1186954,2072911.0,10,0,0
2012-10-02,908660.0,1212951,2121611.0,10,1,0
2012-10-03,901451.0,1221671,2123122.0,10,2,0
2012-10-04,928541.0,1222551,2151092.0,10,3,0
2012-10-05,854934.0,1192192,2047126.0,10,4,0
2012-10-06,730034.0,1056277,1786311.0,10,5,1
2012-10-07,742346.0,992621,1734967.0,10,6,1
2012-10-08,940907.0,1203511,2144418.0,10,0,0
2012-10-09,924429.0,1220520,2144949.0,10,1,0
2012-10-10,953303.0,1228656,2181959.0,10,2,0
2012-10-11,939424.0,1230963,2170387.0,10,3,0
2012-10-12,947088.0,1209054,2156142.0,10,4,0
2012-10-13,988923.0,1109051,2097974.0,10,5,1
2012-10-14,1029186.0,1085164,2114350.0,10,6,1
2012-10-15,1320569.0,1294324,2614893.0,10,0,0
2012-10-16,1362999.0,1341866,2704865.0,10,1,0
2012-10-17,1261903.0,1324186,2586089.0,10,2,0
2012-10-18,1096583.0,1287582,2384165.0,10,3,0
2012-10-19,989003.0,1252423,2241426.0,10,4,0
2012-10-20,871919.0,1108029,1979948.0,10,5,1
2012-10-21,794172.0,1028481,1822653.0,10,6,1
2012-10-22,915916.0,1199750,2115666.0,10,0,0
2012-10-23,1036173.0,1238498,2274671.0,10,1,0
2012-10-24,1141934.0,1263554,2405488.0,10,2,0
2012-10-25,1201783.0,1284495,2486278.0,10,3,0
2012-10-26,1315954.0,1309575,2625529.0,10,4,0
2012-10-27,1520810.0,1272955,2793765.0,10,5,1
2012-10-28,1626530.0,1301156,2927686.0,10,6,1
2012-10-29,1864798.0,1495721,3360519.0,10,0,0
2012-10-30,1862668.0,1515623,3378291.0,10,1,0
2012-10-31,1787219.0,1500852,3288071.0,10,2,0
2012-11-01,1599845.0,1311759,2911604.0,11,3,0
2012-11-02,1638882.0,1380432,3019314.0,11,4,0
2012-11-03,1469565.0,1277011,2746576.0,11,5,1
2012-11-04,1437787.0,1224556,2662343.0,11,6,1
2012-11-05,1723075.0,1434256,3157331.0,11,0,0
2012-11-06,1876301.0,1511997,3388298.0,11,1,0
2012-11-07,1879151.0,1535403,3414554.0,11,2,0
2012-11-08,1864511.0,1532114,3396625.0,11,3,0
2012-11-09,1848195.0,1507140,3355335.0,11,4,0
2012-11-10,1484193.0,1308177,2792370.0,11,5,1
2012-11-11,1560819.0,1270338,2831157.0,11,6,1
2012-11-12,1972007.0,1518299,3490306.0,11,0,0
2012-11-13,1965938.0,1551455,3517393.0,11,1,0
2012-11-14,2032266.0,1571579,3603845.0,11,2,0
2012-11-15,2071190.0,1571188,3642378.0,11,3,0
2012-11-16,2041246.0,1552791,3594037.0,11,4,0
2012-11-17,1667697.0,1374181,3041878.0,11,5,1
2012-11-18,1555341.0,1285909,2841250.0,11,6,1
2012-11-19,1878731.0,1489142,3367873.0,11,0,0
2012-11-20,1899330.0,1528227,3427557.0,11,1,0
2012-11-21,1916217.0,1553101,3469318.0,11,2,0
2012-11-22,1920932.0,1555751,3476683.0,11,3,0
2012-11-23,1849904.0,1536364,3386268.0,11,4,0
2012-11-24,1564271.0,1353459,2917730.0,11,5,1
2012-11-25,1455561.0,1251594,2707155.0,11,6,1
2012-11-26,1691463.0,1469858,3161321.0,11,0,0
2012-11-27,1979935.0,1559544,3539479.0,11,1,0
2012-11-28,2109850.0,1622934,3732784.0,11,2,0
2012-11-29,2236038.0,1678751,3914789.0,11,3,0
2012-11-30,2406674.0,1718072,4124746.0,11,4,0
2012-12-01,2240156.0,1639128,3879284.0,12,5,1
2012-12-02,2168966.0,1570337,3739303.0,12,6,1
2012-12-03,2342075.0,1719926,4062001.0,12,0,0
2012-12-04,2251129.0,1713047,3964176.0,12,1,0
2012-12-05,2424064.0,1770224,4194288.0,12,2,0
2012-12-06,2611697.0,1834278,4445975.0,12,3,0
2012-12-07,2633372.0,1851732,4485104.0,12,4,0
2012-12-08,2312398.0,1678075,3990473.0,12,5,1
2012-12-09,2264884.0,1628494,3893378.0,12,6,1
2012-12-10,2485582.0,1784808,4270390.0,12,0,0
2012-12-11,2717683.0,1858114,4575797.0,12,1,0
2012-12-12,2977389.0,1911706,4889095.0,12,2,0
2012-12-13,2830533.0,1925872,4756405.0,12,3,0
2012-12-14,2274823.0,1769385,4044208.0,12,4,0
2012-12-15,1838629.0,1507575,3346204.0,12,5,1
2012-12-16,1765694.0,1428789,3194483.0,12,6,1
2012-12-17,1998434.0,1606705,3605139.0,12,0,0
2012-12-18,2088592.0,1639125,3727717.0,12,1,0
2012-12-19,2145647.0,1656946,3802593.0,12,2,0
2012-12-20,2053839.0,1657279,3711118.0,12,3,0
2012-12-21,1887695.0,1580051,3467746.0,12,4,0
2012-12-22,1708086.0,1443975,3152061.0,12,5,1
2012-12-23,1449945.0,1296491,2746436.0,12,6,1
2012-12-24,1493738.0,1327193,2820931.0,12,0,0
2012-12-25,1436937.0,1214071,2651008.0,12,1,0
2012-12-26,1625375.0,1373956,2999331.0,12,2,0
2012-12-27,1664935.0,1422461,3087396.0,12,3,0
2012-12-28,1664058.0,1415829,3079887.0,12,4,0
2012-12-29,1567417.0,1336215,2903632.0,12,5,1
2012-12-30,1619704.0,1323550,2943254.0,12,6,1
2012-12-31,1690179.0,1397005,3087184.0,12,0,0
2013-01-01,1658511.0,1309430,2967941.0,1,1,0
2013-01-02,1947763.0,1546453,3494216.0,1,2,0
2013-01-03,1936286.0,1599661,3535947.0,1,3,0
2013-01-04,1844629.0,1565948,3410577.0,1,4,0
2013-01-05,1732800.0,1443867,3176667.0,1,5,1
2013-01-06,1744093.0,1405076,3149169.0,1,6,1
2013-01-07,2067906.0,1627495,3695401.0,1,0,0
2013-01-08,2221277.0,1714933,3936210.0,1,1,0
2013-01-09,2276972.0,1750696,4027668.0,1,2,0
2013-01-10,2179156.0,1719527,3898683.0,1,3,0
2013-01-11,2182818.0,1680019,3862837.0,1,4,0
2013-01-12,2067482.0,1582573,3650055.0,1,5,1
2013-01-13,2099519.0,1550779,3650298.0,1,6,1
2013-01-14,2616340.0,1826737,4443077.0,1,0,0
2013-01-15,2689870.0,1882823,4572693.0,1,1,0
2013-01-16,2871262.0,1869994,4741256.0,1,2,0
2013-01-17,3092146.0,1813859,4906005.0,1,3,0
2013-01-18,3100174.0,1688104,4788278.0,1,4,0
2013-01-19,2609168.0,1834760,4443928.0,1,5,1
2013-01-20,2487330.0,1736875,4224205.0,1,6,1
2013-01-21,2727935.0,1877311,4605246.0,1,0,0
2013-01-22,2688206.0,1889663,4577869.0,1,1,0
2013-01-23,2686588.0,1876644,4563232.0,1,2,0
2013-01-24,2773627.0,1883758,4657385.0,1,3,0
2013-01-25,2912418.0,1949446,4861864.0,1,4,0
2013-01-26,2487901.0,1783633,4271534.0,1,5,1
2013-01-27,2181278.0,1627260,3808538.0,1,6,1
2013-01-28,2249258.0,1743944,3993202.0,1,0,0
2013-01-29,2032751.0,1712798,3745549.0,1,1,0
2013-01-30,1787994.0,1607660,3395654.0,1,2,0
2013-01-31,1890698.0,1609193,3499891.0,1,3,0
2013-02-01,1837933.0,1585993,3423926.0,2,4,0
2013-02-02,1978115.0,1532810,3510925.0,2,5,1
2013-02-03,2130682.0,1575316,3705998.0,2,6,1
2013-02-04,2090083.0,1685050,3775133.0,2,0,0
2013-02-05,2201303.0,1717254,3918557.0,2,1,0
2013-02-06,2418018.0,1797337,4215355.0,2,2,0
2013-02-07,2559227.0,1847022,4406249.0,2,3,0
2013-02-08,2553174.0,1808786,4361960.0,2,4,0
2013-02-09,2389062.0,1727014,4116076.0,2,5,1
2013-02-10,2327262.0,1668414,3995676.0,2,6,1
2013-02-11,2499759.0,1788377,4288136.0,2,0,0
2013-02-12,2635906.0,1848603,4484509.0,2,1,0
2013-02-13,2692106.0,1853950,4546056.0,2,2,0
2013-02-14,2630885.0,1848160,4479045.0,2,3,0
2013-02-15,2286436.0,1731913,4018349.0,2,4,0
2013-02-16,2096676.0,1592614,3689290.0,2,5,1
2013-02-17,2085136.0,1541121,3626257.0,2,6,1
2013-02-18,2366256.0,1702141,4068397.0,2,0,0
2013-02-19,2402148.0,1749765,4151913.0,2,1,0
2013-02-20,2386541.0,1748123,4134664.0,2,2,0
2013-02-21,2663924.0,1842419,4506343.0,2,3,0
2013-02-22,2850753.0,1896052,4746805.0,2,4,0
2013-02-23,2851357.0,1875858,4727215.0,2,5,1
2013-02-24,2710764.0,1810038,4520802.0,2,6,1
2013-02-25,2881048.0,1924417,4805465.0,2,0,0
2013-02-26,2798562.0,1908485,4707047.0,2,1,0
2013-02-27,2716634.0,1878059,4594693.0,2,2,0
2013-02-28,2595548.0,1839906,4435454.0,2,3,0
2013-03-01,2575051.0,1832122,4407173.0,3,4,0
2013-03-02,2356225.0,1678170,4034395.0,3,5,1
2013-03-03,2163495.0,1559402,3722897.0,3,6,1
2013-03-04,2174293.0,1663201,3837494.0,3,0,0
2013-03-05,1880837.0,1601993,3482830.0,3,1,0
2013-03-06,1727390.0,1545855,3273245.0,3,2,0
2013-03-07,1599831.0,1496091,3095922.0,3,3,0
2013-03-08,1557971.0,1457253,3015224.0,3,4,0
2013-03-09,1435070.0,1312531,2747601.0,3,5,1
2013-03-10,1560135.0,1291516,2851651.0,3,6,1
2013-03-11,2040321.0,1582977,3623298.0,3,0,0
2013-03-12,2449424.0,1730843,4180267.0,3,1,0
2013-03-13,2658680.0,1828924,4487604.0,3,2,0
2013-03-14,2611495.0,1820789,4432284.0,3,3,0
2013-03-15,2520627.0,1809413,4330040.0,3,4,0
2013-03-16,2102599.0,1624025,3726624.0,3,5,1
2013-03-17,1908425.0,1489166,3397591.0,3,6,1
2013-03-18,2231741.0,1678678,3910419.0,3,0,0
2013-03-19,2125487.0,1675182,3800669.0,3,1,0
2013-03-20,2078020.0,1643468,3721488.0,3,2,0
2013-03-21,2038019.0,1630545,3668564.0,3,3,0
2013-03-22,1796310.0,1535813,3332123.0,3,4,0
2013-03-23,1637953.0,1376433,3014386.0,3,5,1
2013-03-24,1735602.0,1353156,3088758.0,3,6,1
2013-03-25,2076234.0,1569487,3645721.0,3,0,0
2013-03-26,2155600.0,1622697,3778297.0,3,1,0
2013-03-27,2111203.0,1631708,3742911.0,3,2,0
2013-03-28,2179031.0,1641348,3820379.0,3,3,0
2013-03-29,2128635.0,1638507,3767142.0,3,4,0
2013-03-30,1840743.0,1503677,3344420.0,3,5,1
2013-03-31,1888338.0,1429805,3318143.0,3,6,1
2013-04-01,1854071.0,1444068,3298139.0,4,0,0
2013-04-02,1953485.0,1590609,3544094.0,4,1,0
2013-04-03,2021197.0,1593639,3614836.0,4,2,0
2013-04-04,2029646.0,1633825,3663471.0,4,3,0
2013-04-05,2038422.0,1639731,3678153.0,4,4,0
2013-04-06,1932247.0,1515506,3447753.0,4,5,1
2013-04-07,1713219.0,1398620,3111839.0,4,6,1
2013-04-08,1844794.0,1540970,3385764.0,4,0,0
2013-04-09,1787322.0,1538024,3325346.0,4,1,0
2013-04-10,1679633.0,1493405,3173038.0,4,2,0
2013-04-11,1452917.0,1437144,2890061.0,4,3,0
2013-04-12,1390885.0,1400219,2791104.0,4,4,0
2013-04-13,1193599.0,1242131,2435730.0,4,5,1
2013-04-14,896389.0,1068689,1965078.0,4,6,1
2013-04-15,966319.0,1199908,2166227.0,4,0,0
2013-04-16,978539.0,1229157,2207696.0,4,1,0
2013-04-17,872351.0,1206997,2079348.0,4,2,0
2013-04-18,884810.0,1197692,2082502.0,4,3,0
2013-04-19,1081568.0,1241976,2323544.0,4,4,0
2013-04-20,1146570.0,1178087,2324657.0,4,5,1
2013-04-21,1075020.0,1116450,2191470.0,4,6,1
2013-04-22,1177756.0,1281984,2459740.0,4,0,0
2013-04-23,1103138.0,1285398,2388536.0,4,1,0
2013-04-24,966364.0,1239932,2206296.0,4,2,0
2013-04-25,840029.0,1196185,2036214.0,4,3,0
2013-04-26,917645.0,1212027,2129672.0,4,4,0
2013-04-27,1111160.0,1170413,2281573.0,4,5,1
2013-04-28,1173471.0,1163853,2337324.0,4,6,1
2013-04-29,1308930.0,1343124,2652054.0,4,0,0
2013-04-30,1257262.0,1347700,2604962.0,4,1,0
2013-05-01,1028229.0,1116392,2144621.0,5,2,0
2013-05-02,1080460.0,1259191,2339651.0,5,3,0
2013-05-03,1040220.0,1251710,2291930.0,5,4,0
2013-05-04,912713.0,1108128,2020841.0,5,5,1
2013-05-05,793094.0,1007841,1800935.0,5,6,1
2013-05-06,861906.0,1157501,2019407.0,5,0,0
2013-05-07,807670.0,1156642,1964312.0,5,1,0
2013-05-08,694299.0,1008017,1702316.0,5,2,0
2013-05-09,710227.0,987332,1697559.0,5,3,0
2013-05-10,843217.0,1080411,1923628.0,5,4,0
2013-05-11,828760.0,1045756,1874516.0,5,5,1
2013-05-12,855300.0,1007750,1863050.0,5,6,1
2013-05-13,976414.0,1199553,2175967.0,5,0,0
2013-05-14,997223.0,1234300,2231523.0,5,1,0
2013-05-15,1008326.0,1244747,2253073.0,5,2,0
2013-05-16,1080063.0,1278120,2358183.0,5,3,0
2013-05-17,1079558.0,1258818,2338376.0,5,4,0
2013-05-18,935931.0,1133531,2069462.0,5,5,1
2013-05-19,905431.0,1066534,1971965.0,5,6,1
2013-05-20,999603.0,1122885,2122488.0,5,0,0
2013-05-21,1159434.0,1302166,2461600.0,5,1,0
2013-05-22,1150750.0,1300192,2450942.0,5,2,0
2013-05-23,1213238.0,1309632,2522870.0,5,3,0
2013-05-24,1373867.0,1356845,2730712.0,5,4,0
2013-05-25,1147346.0,1206871,2354217.0,5,5,1
2013-05-26,1014420.0,1103645,2118065.0,5,6,1
2013-05-27,983578.0,1229464,2213042.0,5,0,0
2013-05-28,1009998.0,1263262,2273260.0,5,1,0
2013-05-29,1103219.0,1295409,2398628.0,5,2,0
2013-05-30,1081053.0,1308096,2389149.0,5,3,0
2013-05-31,1035836.0,1273888,2309724.0,5,4,0
2013-06-01,800620.0,1092187,1892807.0,6,5,1
2013-06-02,732046.0,991740,1723786.0,6,6,1
2013-06-03,855668.0,1164784,2020452.0,6,0,0
2013-06-04,841081.0,1179368,2020449.0,6,1,0
2013-06-05,769952.0,1168801,1938753.0,6,2,0
2013-06-06,711182.0,1159441,1870623.0,6,3,0
2013-06-07,647047.0,1138525,1785572.0,6,4,0
2013-06-08,558542.0,1001291,1559833.0,6,5,1
2013-06-09,558470.0,936055,1494525.0,6,6,1
2013-06-10,679293.0,1120896,1800189.0,6,0,0
2013-06-11,688926.0,1151332,1840258.0,6,1,0
2013-06-12,664174.0,1156534,1820708.0,6,2,0
2013-06-13,664781.0,1155159,1819940.0,6,3,0
2013-06-14,663686.0,1134645,1798331.0,6,4,0
2013-06-15,557703.0,999085,1556788.0,6,5,1
2013-06-16,520434.0,927648,1448082.0,6,6,1
2013-06-17,620534.0,1130250,1750784.0,6,0,0
2013-06-18,648847.0,1169529,1818376.0,6,1,0
2013-06-19,649116.0,1170361,1819477.0,6,2,0
2013-06-20,652436.0,1162151,1814587.0,6,3,0
2013-06-21,630969.0,1136681,1767650.0,6,4,0
2013-06-22,545588.0,1000470,1546058.0,6,5,1
2013-06-23,541249.0,935544,1476793.0,6,6,1
2013-06-24,668404.0,1117982,1786386.0,6,0,0
2013-06-25,701580.0,1149825,1851405.0,6,1,0
2013-06-26,682304.0,1150060,1832364.0,6,2,0
2013-06-27,677304.0,1154771,1832075.0,6,3,0
2013-06-28,678943.0,1143239,1822182.0,6,4,0
2013-06-29,563446.0,1011970,1575416.0,6,5,1
2013-06-30,517457.0,932710,1450167.0,6,6,1
2013-07-01,608943.0,1117049,1725992.0,7,0,0
2013-07-02,635965.0,1156353,1792318.0,7,1,0
2013-07-03,635689.0,1162848,1798537.0,7,2,0
2013-07-04,638074.0,1161841,1799915.0,7,3,0
2013-07-05,603876.0,1149791,1753667.0,7,4,0
2013-07-06,504971.0,1018271,1523242.0,7,5,1
2013-07-07,460549.0,942726,1403275.0,7,6,1
2013-07-08,563053.0,1144014,1707067.0,7,0,0
2013-07-09,596592.0,1186842,1783434.0,7,1,0
2013-07-10,594185.0,1192038,1786223.0,7,2,0
2013-07-11,603832.0,1179513,1783345.0,7,3,0
2013-07-12,592549.0,1163852,1756401.0,7,4,0
2013-07-13,492861.0,1027864,1520725.0,7,5,1
2013-07-14,453566.0,944182,1397748.0,7,6,1
2013-07-15,545602.0,1142893,1688495.0,7,0,0
2013-07-16,594882.0,1183574,1778456.0,7,1,0
2013-07-17,601406.0,1185598,1787004.0,7,2,0
2013-07-18,587754.0,1184092,1771846.0,7,3,0
2013-07-19,556710.0,1169405,1726115.0,7,4,0
2013-07-20,468935.0,1037574,1506509.0,7,5,1
2013-07-21,429199.0,965093,1394292.0,7,6,1
2013-07-22,522542.0,1166283,1688825.0,7,0,0
2013-07-23,565801.0,1194598,1760399.0,7,1,0
2013-07-24,577928.0,1186161,1764089.0,7,2,0
2013-07-25,571538.0,1197278,1768816.0,7,3,0
2013-07-26,526356.0,1172542,1698898.0,7,4,0
2013-07-27,442835.0,1023672,1466507.0,7,5,1
2013-07-28,422127.0,931084,1353211.0,7,6,1
2013-07-29,519316.0,1066600,1585916.0,7,0,0
2013-07-30,542060.0,1095893,1637953.0,7,1,0
2013-07-31,523833.0,1110373,1634206.0,7,2,0
2013-08-01,499610.0,1127088,1626698.0,8,3,0
2013-08-02,482061.0,1108543,1590604.0,8,4,0
2013-08-03,417387.0,974040,1391427.0,8,5,1
2013-08-04,389460.0,908739,1298199.0,8,6,1
2013-08-05,444404.0,1041323,1485727.0,8,0,0
2013-08-06,465138.0,1049531,1514669.0,8,1,0
2013-08-07,474491.0,1025972,1500463.0,8,2,0
2013-08-08,470816.0,1009115,1479931.0,8,3,0
2013-08-09,482806.0,1002181,1484987.0,8,4,0
2013-08-10,433362.0,917809,1351171.0,8,5,1
2013-08-11,402414.0,863479,1265893.0,8,6,1
2013-08-12,450532.0,985969,1436501.0,8,0,0
2013-08-13,473256.0,1004675,1477931.0,8,1,0
2013-08-14,473496.0,1003943,1477439.0,8,2,0
2013-08-15,428061.0,913759,1341820.0,8,3,0
2013-08-16,451739.0,982238,1433977.0,8,4,0
2013-08-17,424061.0,938348,1362409.0,8,5,1
2013-08-18,410096.0,890093,1300189.0,8,6,1
2013-08-19,492327.0,1020435,1512762.0,8,0,0
2013-08-20,526085.0,1042162,1568247.0,8,1,0
2013-08-21,521900.0,1051857,1573757.0,8,2,0
2013-08-22,524052.0,1064078,1588130.0,8,3,0
2013-08-23,520415.0,1070585,1591000.0,8,4,0
2013-08-24,468543.0,968635,1437178.0,8,5,1
2013-08-25,462601.0,898000,1360601.0,8,6,1
2013-08-26,571210.0,1060719,1631929.0,8,0,0
2013-08-27,634671.0,1113112,1747783.0,8,1,0
2013-08-28,657249.0,1119999,1777248.0,8,2,0
2013-08-29,672598.0,1129197,1801795.0,8,3,0
2013-08-30,648682.0,1121201,1769883.0,8,4,0
2013-08-31,513150.0,992712,1505862.0,8,5,1
2013-09-01,488442.0,919645,1408087.0,9,6,1
2013-09-02,608758.0,1101476,1710234.0,9,0,0
2013-09-03,666691.0,1152944,1819635.0,9,1,0
2013-09-04,677131.0,1172148,1849279.0,9,2,0
2013-09-05,670384.0,1175799,1846183.0,9,3,0
2013-09-06,626928.0,1150073,1777001.0,9,4,0
2013-09-07,519752.0,999982,1519734.0,9,5,1
2013-09-08,506120.0,926924,1433044.0,9,6,1
2013-09-09,652056.0,1108562,1760618.0,9,0,0
2013-09-10,683060.0,1134576,1817636.0,9,1,0
2013-09-11,725623.0,1160665,1886288.0,9,2,0
2013-09-12,751801.0,1173702,1925503.0,9,3,0
2013-09-13,729530.0,1161114,1890644.0,9,4,0
2013-09-14,600651.0,1023944,1624595.0,9,5,1
2013-09-15,580881.0,953716,1534597.0,9,6,1
2013-09-16,722553.0,1141955,1864508.0,9,0,0
2013-09-17,813946.0,1200397,2014343.0,9,1,0
2013-09-18,817776.0,1196823,2014599.0,9,2,0
2013-09-19,840317.0,1192306,2032623.0,9,3,0
2013-09-20,787845.0,1162287,1950132.0,9,4,0
2013-09-21,659695.0,1020100,1679795.0,9,5,1
2013-09-22,601543.0,947799,1549342.0,9,6,1
2013-09-23,713342.0,1126193,1839535.0,9,0,0
2013-09-24,805589.0,1160064,1965653.0,9,1,0
2013-09-25,794136.0,1166260,1960396.0,9,2,0
2013-09-26,810100.0,1167843,1977943.0,9,3,0
2013-09-27,760241.0,1151809,1912050.0,9,4,0
2013-09-28,623353.0,1014443,1637796.0,9,5,1
2013-09-29,591365.0,947865,1539230.0,9,6,1
2013-09-30,720285.0,1128578,1848863.0,9,0,0
2013-10-01,804810.0,1171197,1976007.0,10,1,0
2013-10-02,789138.0,1177787,1966925.0,10,2,0
2013-10-03,777591.0,1181897,1959488.0,10,3,0
2013-10-04,760322.0,1164337,1924659.0,10,4,0
2013-10-05,653147.0,1021364,1674511.0,10,5,1
2013-10-06,638106.0,957512,1595618.0,10,6,1
2013-10-07,863730.0,1141249,2004979.0,10,0,0
2013-10-08,896422.0,1183023,2079445.0,10,1,0
2013-10-09,908621.0,1193251,2101872.0,10,2,0
2013-10-10,1102763.0,1237524,2340287.0,10,3,0
2013-10-11,1213984.0,1275999,2489983.0,10,4,0
2013-10-12,1126528.0,1178842,2305370.0,10,5,1
2013-10-13,1097859.0,1129307,2227166.0,10,6,1
2013-10-14,1241948.0,1289496,2531444.0,10,0,0
2013-10-15,1234522.0,1310311,2544833.0,10,1,0
2013-10-16,1248334.0,1313062,2561396.0,10,2,0
2013-10-17,1158267.0,1277255,2435522.0,10,3,0
2013-10-18,1149489.0,1258946,2408435.0,10,4,0
2013-10-19,948471.0,1108981,2057452.0,10,5,1
2013-10-20,853750.0,1019144,1872894.0,10,6,1
2013-10-21,975672.0,1189705,2165377.0,10,0,0
2013-10-22,905071.0,1213827,2118898.0,10,1,0
2013-10-23,922331.0,1209226,2131557.0,10,2,0
2013-10-24,1024239.0,1221356,2245595.0,10,3,0
2013-10-25,936720.0,1206117,2142837.0,10,4,0
2013-10-26,811556.0,1056533,1868089.0,10,5,1
2013-10-27,832199.0,1005316,1837515.0,10,6,1
2013-10-28,981497.0,1193130,2174627.0,10,0,0
2013-10-29,1221076.0,1270415,2491491.0,10,1,0
2013-10-30,1361224.0,1322562,2683786.0,10,2,0
2013-10-31,1447062.0,1348593,2795655.0,10,3,0
2013-11-01,1316412.0,1197693,2514105.0,11,4,0
2013-11-02,1135152.0,1146669,2281821.0,11,5,1
2013-11-03,1223417.0,1129863,2353280.0,11,6,1
2013-11-04,1462422.0,1360706,2823128.0,11,0,0
2013-11-05,1635726.0,1448749,3084475.0,11,1,0
2013-11-06,1398435.0,1379705,2778140.0,11,2,0
2013-11-07,1292841.0,1335804,2628645.0,11,3,0
2013-11-08,1385512.0,1340338,2725850.0,11,4,0
2013-11-09,1388605.0,1254571,2643176.0,11,5,1
2013-11-10,1398913.0,1201106,2600019.0,11,6,1
2013-11-11,1613481.0,1290145,2903626.0,11,0,0
2013-11-12,1812985.0,1469546,3282531.0,11,1,0
2013-11-13,1844242.0,1491641,3335883.0,11,2,0
2013-11-14,1978015.0,1558956,3536971.0,11,3,0
2013-11-15,2044079.0,1589786,3633865.0,11,4,0
2013-11-16,1906960.0,1475276,3382236.0,11,5,1
2013-11-17,1801826.0,1405186,3207012.0,11,6,1
2013-11-18,2118132.0,1600646,3718778.0,11,0,0
2013-11-19,2191883.0,1648373,3840256.0,11,1,0
2013-11-20,2374989.0,1740248,4115237.0,11,2,0
2013-11-21,2416251.0,1742449,4158700.0,11,3,0
2013-11-22,2438949.0,1777860,4216809.0,11,4,0
2013-11-23,2099072.0,1614984,3714056.0,11,5,1
2013-11-24,1933922.0,1506146,3440068.0,11,6,1
2013-11-25,2274668.0,1672268,3946936.0,11,0,0
2013-11-26,2406879.0,1722872,4129751.0,11,1,0
2013-11-27,2456362.0,1756381,4212743.0,11,2,0
2013-11-28,2551707.0,1831727,4383434.0,11,3,0
2013-11-29,2329312.0,1773106,4102418.0,11,4,0
2013-11-30,2020893.0,1587485,3608378.0,11,5,1
2013-12-01,1981292.0,1528405,3509697.0,12,6,1
2013-12-02,2282274.0,1718729,4001003.0,12,0,0
2013-12-03,2551141.0,1783888,4335029.0,12,1,0
2013-12-04,2472755.0,1813846,4286601.0,12,2,0
2013-12-05,2372369.0,1774039,4146408.0,12,3,0
2013-12-06,2293303.0,1725926,4019229.0,12,4,0
2013-12-07,2129642.0,1590049,3719691.0,12,5,1
2013-12-08,2050174.0,1540611,3590785.0,12,6,1
2013-12-09,2463011.0,1785815,4248826.0,12,0,0
2013-12-10,2575015.0,1823858,4398873.0,12,1,0
2013-12-11,2597015.0,1813596,4410611.0,12,2,0
2013-12-12,2590052.0,1820808,4410860.0,12,3,0
2013-12-13,2534425.0,1794222,4328647.0,12,4,0
2013-12-14,2102348.0,1608493,3710841.0,12,5,1
2013-12-15,1956407.0,1529133,3485540.0,12,6,1
2013-12-16,2176575.0,1676131,3852706.0,12,0,0
2013-12-17,2141222.0,1677332,3818554.0,12,1,0
2013-12-18,1980933.0,1635322,3616255.0,12,2,0
2013-12-19,1929455.0,1621311,3550766.0,12,3,0
2013-12-20,2003713.0,1632755,3636468.0,12,4,0
2013-12-21,1875588.0,1537915,3413503.0,12,5,1
2013-12-22,1632353.0,1414134,3046487.0,12,6,1
2013-12-23,1655951.0,1478703,3134654.0,12,0,0
2013-12-24,1521105.0,1413513,2934618.0,12,1,0
2013-12-25,1466846.0,1256940,2723786.0,12,2,0
2013-12-26,1720370.0,1443426,3163796.0,12,3,0
2013-12-27,1692461.0,1472239,3164700.0,12,4,0
2013-12-28,1602432.0,1397241,2999673.0,12,5,1
2013-12-29,1714069.0,1399403,3113472.0,12,6,1
2013-12-30,1931364.0,1559391,3490755.0,12,0,0
2013-12-31,1850704.0,1524442,3375146.0,12,1,0
2014-01-01,1654613.0,1366883,3021496.0,1,2,0
2014-01-02,1645428.0,1452784,3098212.0,1,3,0
2014-01-03,1651468.0,1476420,3127888.0,1,4,0
2014-01-04,1611386.0,1404858,3016244.0,1,5,1
2014-01-05,1717844.0,1396136,3113980.0,1,6,1
2014-01-06,1726182.0,1542984,3269166.0,1,0,0
2014-01-07,1648516.0,1532910,3181426.0,1,1,0
2014-01-08,1606403.0,1512784,3119187.0,1,2,0
2014-01-09,1644718.0,1538737,3183455.0,1,3,0
2014-01-10,1820969.0,1574980,3395949.0,1,4,0
2014-01-11,1690265.0,1438533,3128798.0,1,5,1
2014-01-12,1761439.0,1415854,3177293.0,1,6,1
2014-01-13,1879995.0,1591632,3471627.0,1,0,0
2014-01-14,2038037.0,1661053,3699090.0,1,1,0
2014-01-15,2062657.0,1705202,3767859.0,1,2,0
2014-01-16,1886093.0,1654779,3540872.0,1,3,0
2014-01-17,1861413.0,1618560,3479973.0,1,4,0
2014-01-18,1740899.0,1485329,3226228.0,1,5,1
2014-01-19,1700512.0,1414542,3115054.0,1,6,1
2014-01-20,2077560.0,1659329,3736889.0,1,0,0
2014-01-21,2213703.0,1734610,3948313.0,1,1,0
2014-01-22,2265532.0,1751773,4017305.0,1,2,0
2014-01-23,2125631.0,1729924,3855555.0,1,3,0
2014-01-24,2099089.0,1699586,3798675.0,1,4,0
2014-01-25,1900160.0,1545001,3445161.0,1,5,1
2014-01-26,1783052.0,1453370,3236422.0,1,6,1
2014-01-27,2100185.0,1677593,3777778.0,1,0,0
2014-01-28,2191638.0,1757501,3949139.0,1,1,0
2014-01-29,2226349.0,1761328,3987677.0,1,2,0
2014-01-30,2195221.0,1734708,3929929.0,1,3,0
2014-01-31,2172980.0,1746515,3919495.0,1,4,0
2014-02-01,1902171.0,1576429,3478600.0,2,5,1
2014-02-02,1882855.0,1507489,3390344.0,2,6,1
2014-02-03,2152546.0,1685130,3837676.0,2,0,0
2014-02-04,2065772.0,1687703,3753475.0,2,1,0
2014-02-05,2062397.0,1716275,3778672.0,2,2,0
2014-02-06,1995432.0,1692955,3688387.0,2,3,0
2014-02-07,1814279.0,1610921,3425200.0,2,4,0
2014-02-08,1775716.0,1519941,3295657.0,2,5,1
2014-02-09,1809125.0,1471916,3281041.0,2,6,1
2014-02-10,2029057.0,1629005,3658062.0,2,0,0
2014-02-11,2100901.0,1693588,3794489.0,2,1,0
2014-02-12,2076923.0,1699784,3776707.0,2,2,0
2014-02-13,2008252.0,1687457,3695709.0,2,3,0
2014-02-14,1956272.0,1661197,3617469.0,2,4,0
2014-02-15,1621616.0,1443915,3065531.0,2,5,1
2014-02-16,1640052.0,1390159,3030211.0,2,6,1
2014-02-17,1860711.0,1562424,3423135.0,2,0,0
2014-02-18,1877341.0,1619855,3497196.0,2,1,0
2014-02-19,1764597.0,1590864,3355461.0,2,2,0
2014-02-20,1709416.0,1562550,3271966.0,2,3,0
2014-02-21,1755118.0,1564996,3320114.0,2,4,0
2014-02-22,1685324.0,1457876,3143200.0,2,5,1
2014-02-23,1535812.0,1337579,2873391.0,2,6,1
2014-02-24,1644647.0,1492858,3137505.0,2,0,0
2014-02-25,1698999.0,1551703,3250702.0,2,1,0
2014-02-26,1830369.0,1572120,3402489.0,2,2,0
2014-02-27,1931155.0,1640284,3571439.0,2,3,0
2014-02-28,1927256.0,1642464,3569720.0,2,4,0
2014-03-01,1783058.0,1500344,3283402.0,3,5,1
2014-03-02,1730818.0,1424057,3154875.0,3,6,1
2014-03-03,1937024.0,1602085,3539109.0,3,0,0
2014-03-04,1915578.0,1611885,3527463.0,3,1,0
2014-03-05,1810702.0,1555166,3365868.0,3,2,0
2014-03-06,1717998.0,1544325,3262323.0,3,3,0
2014-03-07,1654671.0,1505740,3160411.0,3,4,0
2014-03-08,1396893.0,1309575,2706468.0,3,5,1
2014-03-09,1246321.0,1188904,2435225.0,3,6,1
2014-03-10,1378841.0,1362298,2741139.0,3,0,0
2014-03-11,1428296.0,1400639,2828935.0,3,1,0
2014-03-12,1426865.0,1400555,2827420.0,3,2,0
2014-03-13,1405811.0,1395134,2800945.0,3,3,0
2014-03-14,1365414.0,1365414,2730828.0,3,4,0
2014-03-15,1298995.0,1250653,2549648.0,3,5,1
2014-03-16,1200022.0,1158104,2358126.0,3,6,1
2014-03-17,1376952.0,1329826,2706778.0,3,0,0
2014-03-18,1410295.0,1387663,2797958.0,3,1,0
2014-03-19,1349102.0,1364510,2713612.0,3,2,0
2014-03-20,1273575.0,1342342,2615917.0,3,3,0
2014-03-21,1263890.0,1324930,2588820.0,3,4,0
2014-03-22,1335103.0,1265176,2600279.0,3,5,1
2014-03-23,1484775.0,1272953,2757728.0,3,6,1
2014-03-24,1767757.0,1463977,3231734.0,3,0,0
2014-03-25,1780083.0,1499920,3280003.0,3,1,0
2014-03-26,1799962.0,1492702,3292664.0,3,2,0
2014-03-27,1791983.0,1497570,3289553.0,3,3,0
2014-03-28,1538409.0,1449679,2988088.0,3,4,0
2014-03-29,1164927.0,1242184,2407111.0,3,5,1
2014-03-30,1080115.0,1132914,2213029.0,3,6,1
2014-03-31,1137592.0,1280030,2417622.0,3,0,0
2014-04-01,1034323.0,1278667,2312990.0,4,1,0
2014-04-02,977946.0,1266195,2244141.0,4,2,0
2014-04-03,1007172.0,1287934,2295106.0,4,3,0
2014-04-04,1041666.0,1289030,2330696.0,4,4,0
2014-04-05,934690.0,1147855,2082545.0,4,5,1
2014-04-06,813770.0,1046949,1860719.0,4,6,1
2014-04-07,884291.0,1203011,2087302.0,4,0,0
2014-04-08,1052054.0,1254586,2306640.0,4,1,0
2014-04-09,1125121.0,1280806,2405927.0,4,2,0
2014-04-10,1062840.0,1262116,2324956.0,4,3,0
2014-04-11,996704.0,1230138,2226842.0,4,4,0
2014-04-12,868453.0,1096624,1965077.0,4,5,1
2014-04-13,839071.0,1030093,1869164.0,4,6,1
2014-04-14,1006643.0,1214079,2220722.0,4,0,0
2014-04-15,1128177.0,1259921,2388098.0,4,1,0
2014-04-16,1132324.0,1274200,2406524.0,4,2,0
2014-04-17,1041695.0,1262003,2303698.0,4,3,0
2014-04-18,1003245.0,1235488,2238733.0,4,4,0
2014-04-19,1035098.0,1148974,2184072.0,4,5,1
2014-04-20,924178.0,1078689,2002867.0,4,6,1
2014-04-21,897966.0,1078934,1976900.0,4,0,0
2014-04-22,959666.0,1238122,2197788.0,4,1,0
2014-04-23,927150.0,1243889,2171039.0,4,2,0
2014-04-24,883813.0,1230170,2113983.0,4,3,0
2014-04-25,899506.0,1224421,2123927.0,4,4,0
2014-04-26,895403.0,1113786,2009189.0,4,5,1
2014-04-27,914971.0,1070419,1985390.0,4,6,1
2014-04-28,1061041.0,1242182,2303223.0,4,0,0
2014-04-29,1051826.0,1268610,2320436.0,4,1,0
2014-04-30,960343.0,1243164,2203507.0,4,2,0
2014-05-01,817265.0,1033376,1850641.0,5,3,0
2014-05-02,914608.0,1149858,2064466.0,5,4,0
2014-05-03,938067.0,1102705,2040772.0,5,5,1
2014-05-04,890266.0,1037733,1927999.0,5,6,1
2014-05-05,895201.0,1177020,2072221.0,5,0,0
2014-05-06,830296.0,1188065,2018361.0,5,1,0
2014-05-07,848793.0,1189795,2038588.0,5,2,0
2014-05-08,797102.0,1045522,1842624.0,5,3,0
2014-05-09,768495.0,1102710,1871205.0,5,4,0
2014-05-10,746582.0,1039518,1786100.0,5,5,1
2014-05-11,786376.0,996008,1782384.0,5,6,1
2014-05-12,989180.0,1199119,2188299.0,5,0,0
2014-05-13,1049210.0,1242983,2292193.0,5,1,0
2014-05-14,998508.0,1234815,2233323.0,5,2,0
2014-05-15,982404.0,1219135,2201539.0,5,3,0
2014-05-16,906001.0,1195668,2101669.0,5,4,0
2014-05-17,699645.0,1037763,1737408.0,5,5,1
2014-05-18,611124.0,949230,1560354.0,5,6,1
2014-05-19,684347.0,1120536,1804883.0,5,0,0
2014-05-20,723192.0,1152260,1875452.0,5,1,0
2014-05-21,750335.0,1169565,1919900.0,5,2,0
2014-05-22,735524.0,1163771,1899295.0,5,3,0
2014-05-23,761149.0,1156394,1917543.0,5,4,0
2014-05-24,681249.0,1031995,1713244.0,5,5,1
2014-05-25,640199.0,962350,1602549.0,5,6,1
2014-05-26,745070.0,1149865,1894935.0,5,0,0
2014-05-27,809672.0,1189201,1998873.0,5,1,0
2014-05-28,807610.0,1186558,1994168.0,5,2,0
2014-05-29,668033.0,1013677,1681710.0,5,3,0
2014-05-30,671815.0,1063139,1734954.0,5,4,0
2014-05-31,615178.0,990085,1605263.0,5,5,1
2014-06-01,588566.0,931715,1520281.0,6,6,1
2014-06-02,681889.0,1112057,1793946.0,6,0,0
2014-06-03,700931.0,1145321,1846252.0,6,1,0
2014-06-04,732736.0,1164544,1897280.0,6,2,0
2014-06-05,728710.0,1157931,1886641.0,6,3,0
2014-06-06,654101.0,1143343,1797444.0,6,4,0
2014-06-07,534112.0,1001809,1535921.0,6,5,1
2014-06-08,486966.0,917534,1404500.0,6,6,1
2014-06-09,495448.0,963406,1458854.0,6,0,0
2014-06-10,628478.0,1133832,1762310.0,6,1,0
2014-06-11,651365.0,1147889,1799254.0,6,2,0
2014-06-12,638631.0,1161077,1799708.0,6,3,0
2014-06-13,607591.0,1150591,1758182.0,6,4,0
2014-06-14,528844.0,995895,1524739.0,6,5,1
2014-06-15,507498.0,912666,1420164.0,6,6,1
2014-06-16,605290.0,1098931,1704221.0,6,0,0
2014-06-17,644137.0,1136534,1780671.0,6,1,0
2014-06-18,644721.0,1137336,1782057.0,6,2,0
2014-06-19,623324.0,1144932,1768256.0,6,3,0
2014-06-20,607096.0,1136381,1743477.0,6,4,0
2014-06-21,518274.0,1004993,1523267.0,6,5,1
2014-06-22,477314.0,933484,1410798.0,6,6,1
2014-06-23,588389.0,1122261,1710650.0,6,0,0
2014-06-24,630582.0,1156996,1787578.0,6,1,0
2014-06-25,628893.0,1153500,1782393.0,6,2,0
2014-06-26,647377.0,1155012,1802389.0,6,3,0
2014-06-27,624467.0,1142002,1766469.0,6,4,0
2014-06-28,518120.0,1007127,1525247.0,6,5,1
2014-06-29,507499.0,924212,1431711.0,6,6,1
2014-06-30,616357.0,1096963,1713320.0,6,0,0
2014-07-01,624920.0,1140605,1765525.0,7,1,0
2014-07-02,632017.0,1146923,1778940.0,7,2,0
2014-07-03,610639.0,1164387,1775026.0,7,3,0
2014-07-04,596843.0,1148172,1745015.0,7,4,0
2014-07-05,513092.0,1006704,1519796.0,7,5,1
2014-07-06,481860.0,932201,1414061.0,7,6,1
2014-07-07,596104.0,1101502,1697606.0,7,0,0
2014-07-08,639457.0,1140266,1779723.0,7,1,0
2014-07-09,665296.0,1151130,1816426.0,7,2,0
2014-07-10,670778.0,1164517,1835295.0,7,3,0
2014-07-11,650708.0,1148935,1799643.0,7,4,0
2014-07-12,541415.0,1005879,1547294.0,7,5,1
2014-07-13,495634.0,927860,1423494.0,7,6,1
2014-07-14,500315.0,938397,1438712.0,7,0,0
2014-07-15,592630.0,1121622,1714252.0,7,1,0
2014-07-16,604240.0,1162247,1766487.0,7,2,0
2014-07-17,597887.0,1184512,1782399.0,7,3,0
2014-07-18,576989.0,1179995,1756984.0,7,4,0
2014-07-19,478225.0,1029229,1507454.0,7,5,1
2014-07-20,455488.0,932699,1388187.0,7,6,1
2014-07-21,567786.0,1102389,1670175.0,7,0,0
2014-07-22,597783.0,1144718,1742501.0,7,1,0
2014-07-23,578696.0,1158528,1737224.0,7,2,0
2014-07-24,565463.0,1166029,1731492.0,7,3,0
2014-07-25,544914.0,1130081,1674995.0,7,4,0
2014-07-26,458372.0,991169,1449541.0,7,5,1
2014-07-27,417031.0,923060,1340091.0,7,6,1
2014-07-28,503465.0,1073181,1576646.0,7,0,0
2014-07-29,533399.0,1093443,1626842.0,7,1,0
2014-07-30,542172.0,1095813,1637985.0,7,2,0
2014-07-31,530817.0,1093992,1624809.0,7,3,0
2014-08-01,500184.0,1070341,1570525.0,8,4,0
2014-08-02,434188.0,950702,1384890.0,8,5,1
2014-08-03,408715.0,877100,1285815.0,8,6,1
2014-08-04,460652.0,993671,1454323.0,8,0,0
2014-08-05,476668.0,1014194,1490862.0,8,1,0
2014-08-06,483727.0,1020202,1503929.0,8,2,0
2014-08-07,484008.0,1025197,1509205.0,8,3,0
2014-08-08,474007.0,1023173,1497180.0,8,4,0
2014-08-09,432939.0,921562,1354501.0,8,5,1
2014-08-10,408392.0,871204,1279596.0,8,6,1
2014-08-11,472794.0,972035,1444829.0,8,0,0
2014-08-12,493450.0,986367,1479817.0,8,1,0
2014-08-13,496343.0,986878,1483221.0,8,2,0
2014-08-14,509294.0,979601,1488895.0,8,3,0
2014-08-15,467587.0,892352,1359939.0,8,4,0
2014-08-16,450161.0,893094,1343255.0,8,5,1
2014-08-17,438118.0,856255,1294373.0,8,6,1
2014-08-18,511191.0,988498,1499689.0,8,0,0
2014-08-19,544476.0,1020669,1565145.0,8,1,0
2014-08-20,557260.0,1028460,1585720.0,8,2,0
2014-08-21,565441.0,1036014,1601455.0,8,3,0
2014-08-22,560217.0,1040789,1601006.0,8,4,0
2014-08-23,500678.0,950191,1450869.0,8,5,1
2014-08-24,484437.0,894834,1379271.0,8,6,1
2014-08-25,614314.0,1074629,1688943.0,8,0,0
2014-08-26,648133.0,1121413,1769546.0,8,1,0
2014-08-27,647915.0,1120419,1768334.0,8,2,0
2014-08-28,625833.0,1128250,1754083.0,8,3,0
2014-08-29,605717.0,1113291,1719008.0,8,4,0
2014-08-30,517669.0,986255,1503924.0,8,5,1
2014-08-31,484643.0,919983,1404626.0,8,6,1
2014-09-01,606921.0,1098813,1705734.0,9,0,0
2014-09-02,622285.0,1141230,1763515.0,9,1,0
2014-09-03,617990.0,1145405,1763395.0,9,2,0
2014-09-04,619333.0,1154359,1773692.0,9,3,0
2014-09-05,598249.0,1146674,1744923.0,9,4,0
2014-09-06,509779.0,1008060,1517839.0,9,5,1
2014-09-07,492585.0,939891,1432476.0,9,6,1
2014-09-08,615419.0,1130290,1745709.0,9,0,0
2014-09-09,652492.0,1160864,1813356.0,9,1,0
2014-09-10,664749.0,1162148,1826897.0,9,2,0
2014-09-11,679754.0,1160203,1839957.0,9,3,0
2014-09-12,672140.0,1139697,1811837.0,9,4,0
2014-09-13,573072.0,1005170,1578242.0,9,5,1
2014-09-14,545639.0,934843,1480482.0,9,6,1
2014-09-15,671773.0,1124018,1795791.0,9,0,0
2014-09-16,693418.0,1156506,1849924.0,9,1,0
2014-09-17,676447.0,1162669,1839116.0,9,2,0
2014-09-18,671731.0,1161761,1833492.0,9,3,0
2014-09-19,677050.0,1152763,1829813.0,9,4,0
2014-09-20,576769.0,1011035,1587804.0,9,5,1
2014-09-21,557303.0,937123,1494426.0,9,6,1
2014-09-22,703607.0,1111105,1814712.0,9,0,0
2014-09-23,757748.0,1152077,1909825.0,9,1,0
2014-09-24,795966.0,1171338,1967304.0,9,2,0
2014-09-25,819912.0,1167387,1987299.0,9,3,0
2014-09-26,772732.0,1152145,1924877.0,9,4,0
2014-09-27,649315.0,1013343,1662658.0,9,5,1
2014-09-28,599495.0,942814,1542309.0,9,6,1
2014-09-29,738397.0,1134677,1873074.0,9,0,0
2014-09-30,771258.0,1166738,1937996.0,9,1,0
2014-10-01,783029.0,1167857,1950886.0,10,2,0
2014-10-02,785358.0,1165991,1951349.0,10,3,0
2014-10-03,770668.0,1150109,1920777.0,10,4,0
2014-10-04,649323.0,1013319,1662642.0,10,5,1
2014-10-05,652159.0,960145,1612304.0,10,6,1
2014-10-06,878879.0,1168351,2047230.0,10,0,0
2014-10-07,895208.0,1205992,2101200.0,10,1,0
2014-10-08,866783.0,1217129,2083912.0,10,2,0
2014-10-09,870311.0,1202439,2072750.0,10,3,0
2014-10-10,872985.0,1184474,2057459.0,10,4,0
2014-10-11,737316.0,1047949,1785265.0,10,5,1
2014-10-12,731286.0,1001609,1732895.0,10,6,1
2014-10-13,875641.0,1172890,2048531.0,10,0,0
2014-10-14,956890.0,1208195,2165085.0,10,1,0
2014-10-15,954454.0,1220868,2175322.0,10,2,0
2014-10-16,932963.0,1218900,2151863.0,10,3,0
2014-10-17,871684.0,1192505,2064189.0,10,4,0
2014-10-18,729573.0,1042365,1771938.0,10,5,1
2014-10-19,653682.0,959369,1613051.0,10,6,1
2014-10-20,844146.0,1147683,1991829.0,10,0,0
2014-10-21,955059.0,1210908,2165967.0,10,1,0
2014-10-22,1200973.0,1254800,2455773.0,10,2,0
2014-10-23,1284183.0,1282556,2566739.0,10,3,0
2014-10-24,1156266.0,1268172,2424438.0,10,4,0
2014-10-25,962792.0,1117317,2080109.0,10,5,1
2014-10-26,930206.0,1046391,1976597.0,10,6,1
2014-10-27,1109216.0,1231681,2340897.0,10,0,0
2014-10-28,1247882.0,1281761,2529643.0,10,1,0
2014-10-29,1259198.0,1278064,2537262.0,10,2,0
2014-10-30,1199308.0,1258613,2457921.0,10,3,0
2014-10-31,1079114.0,1227471,2306585.0,10,4,0
2014-11-01,984526.0,1073726,2058252.0,11,5,1
2014-11-02,953429.0,1049303,2002732.0,11,6,1
2014-11-03,1251099.0,1269007,2520106.0,11,0,0
2014-11-04,1491779.0,1339546,2831325.0,11,1,0
2014-11-05,1666370.0,1406607,3072977.0,11,2,0
2014-11-06,1745246.0,1449558,3194804.0,11,3,0
2014-11-07,1591124.0,1436465,3027589.0,11,4,0
2014-11-08,1372465.0,1275564,2648029.0,11,5,1
2014-11-09,1306179.0,1209419,2515598.0,11,6,1
2014-11-10,1498932.0,1325858,2824790.0,11,0,0
2014-11-11,1363517.0,1246465,2609982.0,11,1,0
2014-11-12,1503763.0,1393212,2896975.0,11,2,0
2014-11-13,1580590.0,1431336,3011926.0,11,3,0
2014-11-14,1501259.0,1421629,2922888.0,11,4,0
2014-11-15,1322444.0,1274370,2596814.0,11,5,1
2014-11-16,1336396.0,1233868,2570264.0,11,6,1
2014-11-17,1692380.0,1449063,3141443.0,11,0,0
2014-11-18,1733111.0,1483479,3216590.0,11,1,0
2014-11-19,1814529.0,1513641,3328170.0,11,2,0
2014-11-20,1806670.0,1511761,3318431.0,11,3,0
2014-11-21,1677893.0,1463006,3140899.0,11,4,0
2014-11-22,1342185.0,1281526,2623711.0,11,5,1
2014-11-23,1220173.0,1187990,2408163.0,11,6,1
2014-11-24,1497941.0,1381771,2879712.0,11,0,0
2014-11-25,1626002.0,1438075,3064077.0,11,1,0
2014-11-26,1527183.0,1433496,2960679.0,11,2,0
2014-11-27,1504669.0,1433621,2938290.0,11,3,0
2014-11-28,1442398.0,1405356,2847754.0,11,4,0
2014-11-29,1420660.0,1292834,2713494.0,11,5,1
2014-11-30,1527499.0,1286468,2813967.0,11,6,1
2014-12-01,1985334.0,1542801,3528135.0,12,0,0
2014-12-02,2185542.0,1631509,3817051.0,12,1,0
2014-12-03,2310050.0,1682334,3992384.0,12,2,0
2014-12-04,2328386.0,1689640,4018026.0,12,3,0
2014-12-05,2240458.0,1665398,3905856.0,12,4,0
2014-12-06,2021560.0,1543785,3565345.0,12,5,1
2014-12-07,1969959.0,1523355,3493314.0,12,6,1
2014-12-08,2255622.0,1680456,3936078.0,12,0,0
2014-12-09,2399191.0,1752327,4151518.0,12,1,0
2014-12-10,2282326.0,1735068,4017394.0,12,2,0
2014-12-11,2087125.0,1668567,3755692.0,12,3,0
2014-12-12,1982871.0,1640519,3623390.0,12,4,0
2014-12-13,1796044.0,1490161,3286205.0,12,5,1
2014-12-14,1862414.0,1474150,3336564.0,12,6,1
2014-12-15,2117153.0,1632018,3749171.0,12,0,0
2014-12-16,2014563.0,1607313,3621876.0,12,1,0
2014-12-17,1945388.0,1632440,3577828.0,12,2,0
2014-12-18,1616847.0,1537236,3154083.0,12,3,0
2014-12-19,1575217.0,1490408,3065625.0,12,4,0
2014-12-20,1580629.0,1394408,2975037.0,12,5,1
2014-12-21,1626189.0,1387208,3013397.0,12,6,1
2014-12-22,1759969.0,1537683,3297652.0,12,0,0
2014-12-23,1755284.0,1550709,3305993.0,12,1,0
2014-12-24,1643135.0,1470537,3113672.0,12,2,0
2014-12-25,1584623.0,1314338,2898961.0,12,3,0
2014-12-26,1838183.0,1496252,3334435.0,12,4,0
2014-12-27,1861888.0,1507009,3368897.0,12,5,1
2014-12-28,2138809.0,1567206,3706015.0,12,6,1
2014-12-29,2476857.0,1792039,4268896.0,12,0,0
2014-12-30,2385493.0,1770248,4155741.0,12,1,0
2014-12-31,2263173.0,1720869,3984042.0,12,2,0
2015-01-01,2170187.0,1614302,3784489.0,1,3,0
2015-01-02,2115361.0,1656203,3771564.0,1,4,0
2015-01-03,1859243.0,1539451,3398694.0,1,5,1
2015-01-04,1753438.0,1412555,3165993.0,1,6,1
2015-01-05,2333658.0,1708403,4042061.0,1,0,0
2015-01-06,2475480.0,1809966,4285446.0,1,1,0
2015-01-07,2364575.0,1783691,4148266.0,1,2,0
2015-01-08,2084087.0,1720371,3804458.0,1,3,0
2015-01-09,1801365.0,1632968,3434333.0,1,4,0
2015-01-10,1456818.0,1386481,2843299.0,1,5,1
2015-01-11,1659010.0,1378811,3037821.0,1,6,1
2015-01-12,1966611.0,1640960,3607571.0,1,0,0
2015-01-13,1880081.0,1642625,3522706.0,1,1,0
2015-01-14,1918934.0,1641594,3560528.0,1,2,0
2015-01-15,1852306.0,1645765,3498071.0,1,3,0
2015-01-16,1965659.0,1634707,3600366.0,1,4,0
2015-01-17,1931115.0,1562158,3493273.0,1,5,1
2015-01-18,2019511.0,1563584,3583095.0,1,6,1
2015-01-19,2432200.0,1780321,4212521.0,1,0,0
2015-01-20,2556776.0,1844325,4401101.0,1,1,0
2015-01-21,2596899.0,1864427,4461326.0,1,2,0
2015-01-22,2636783.0,1866468,4503251.0,1,3,0
2015-01-23,2682395.0,1891567,4573962.0,1,4,0
2015-01-24,2360426.0,1749764,4110190.0,1,5,1
2015-01-25,2222869.0,1659282,3882151.0,1,6,1
2015-01-26,2372484.0,1794724,4167208.0,1,0,0
2015-01-27,2364863.0,1776541,4141404.0,1,1,0
2015-01-28,2308667.0,1783625,4092292.0,1,2,0
2015-01-29,2334314.0,1780534,4114848.0,1,3,0
2015-01-30,2380008.0,1796078,4176086.0,1,4,0
2015-01-31,2132227.0,1663528,3795755.0,1,5,1
2015-02-01,2150986.0,1635804,3786790.0,2,6,1
2015-02-02,2526483.0,1831596,4358079.0,2,0,0
2015-02-03,2688252.0,1897930,4586182.0,2,1,0
2015-02-04,2743774.0,1903984,4647758.0,2,2,0
2015-02-05,2823959.0,1929323,4753282.0,2,3,0
2015-02-06,2899589.0,1715924,4615513.0,2,4,0
2015-02-07,2623434.0,1836115,4459549.0,2,5,1
2015-02-08,2301961.0,1695209,3997170.0,2,6,1
2015-02-09,2571269.0,1835313,4406582.0,2,0,0
2015-02-10,2505050.0,1831111,4336161.0,2,1,0
2015-02-11,2423805.0,1790259,4214064.0,2,2,0
2015-02-12,2413040.0,1779884,4192924.0,2,3,0
2015-02-13,2114124.0,1725919,3840043.0,2,4,0
2015-02-14,1806953.0,1542081,3349034.0,2,5,1
2015-02-15,1788804.0,1476029,3264833.0,2,6,1
2015-02-16,2183057.0,1695058,3878115.0,2,0,0
2015-02-17,2195042.0,1712205,3907247.0,2,1,0
2015-02-18,2310027.0,1726595,4036622.0,2,2,0
2015-02-19,2310860.0,1727145,4038005.0,2,3,0
2015-02-20,2132001.0,1702970,3834971.0,2,4,0
2015-02-21,1996688.0,1566246,3562934.0,2,5,1
2015-02-22,1968114.0,1536513,3504627.0,2,6,1
2015-02-23,2114554.0,1676376,3790930.0,2,0,0
2015-02-24,2181251.0,1715324,3896575.0,2,1,0
2015-02-25,2146286.0,1677878,3824164.0,2,2,0
2015-02-26,1962101.0,1639803,3601904.0,2,3,0
2015-02-27,2019815.0,1641315,3661130.0,2,4,0
2015-02-28,1894050.0,1540670,3434720.0,2,5,1
2015-03-01,1597073.0,1394566,2991639.0,3,6,1
2015-03-02,1769652.0,1528283,3297935.0,3,0,0
2015-03-03,1919421.0,1564462,3483883.0,3,1,0
2015-03-04,2036321.0,1608610,3644931.0,3,2,0
2015-03-05,2103143.0,1634701,3737844.0,3,3,0
2015-03-06,2016953.0,1602886,3619839.0,3,4,0
2015-03-07,1682704.0,1429617,3112321.0,3,5,1
2015-03-08,1514028.0,1315114,2829142.0,3,6,1
2015-03-09,1684919.0,1450149,3135068.0,3,0,0
2015-03-10,1662932.0,1490375,3153307.0,3,1,0
2015-03-11,1613895.0,1460465,3074360.0,3,2,0
2015-03-12,1635223.0,1462826,3098049.0,3,3,0
2015-03-13,1688545.0,1490407,3178952.0,3,4,0
2015-03-14,1659048.0,1411082,3070130.0,3,5,1
2015-03-15,1674847.0,1384985,3059832.0,3,6,1
2015-03-16,1878881.0,1531207,3410088.0,3,0,0
2015-03-17,1683389.0,1496602,3179991.0,3,1,0
2015-03-18,1536692.0,1442226,2978918.0,3,2,0
2015-03-19,1643727.0,1481327,3125054.0,3,3,0
2015-03-20,1660884.0,1493733,3154617.0,3,4,0
2015-03-21,1616186.0,1382942,2999128.0,3,5,1
2015-03-22,1606498.0,1344172,2950670.0,3,6,1
2015-03-23,1824783.0,1490671,3315454.0,3,0,0
2015-03-24,1863458.0,1526688,3390146.0,3,1,0
2015-03-25,1991030.0,1578828,3569858.0,3,2,0
2015-03-26,2034505.0,1603623,3638128.0,3,3,0
2015-03-27,1827083.0,1512700,3339783.0,3,4,0
2015-03-28,1379252.0,1336103,2715355.0,3,5,1
2015-03-29,1354002.0,1253622,2607624.0,3,6,1
2015-03-30,1474741.0,1402135,2876876.0,3,0,0
2015-03-31,1421088.0,1410783,2831871.0,3,1,0
2015-04-01,1574698.0,1455274,3029972.0,4,2,0
2015-04-02,1641328.0,1480846,3122174.0,4,3,0
2015-04-03,1530737.0,1436131,2966868.0,4,4,0
2015-04-04,1367141.0,1311501,2678642.0,4,5,1
2015-04-05,1424836.0,1263735,2688571.0,4,6,1
2015-04-06,1455786.0,1274042,2729828.0,4,0,0
2015-04-07,1550756.0,1400005,2950761.0,4,1,0
2015-04-08,1462488.0,1375846,2838334.0,4,2,0
2015-04-09,1313663.0,1318264,2631927.0,4,3,0
2015-04-10,1117290.0,1267531,2384821.0,4,4,0
2015-04-11,978703.0,1140381,2119084.0,4,5,1
2015-04-12,943745.0,1065805,2009550.0,4,6,1
2015-04-13,1063734.0,1192869,2256603.0,4,0,0
2015-04-14,930506.0,1190583,2121089.0,4,1,0
2015-04-15,876498.0,1173475,2049973.0,4,2,0
2015-04-16,858654.0,1173397,2032051.0,4,3,0
2015-04-17,892981.0,1178190,2071171.0,4,4,0
2015-04-18,860782.0,1069749,1930531.0,4,5,1
2015-04-19,886269.0,1023837,1910106.0,4,6,1
2015-04-20,983243.0,1184201,2167444.0,4,0,0
2015-04-21,922205.0,1189608,2111813.0,4,1,0
2015-04-22,877729.0,1179567,2057296.0,4,2,0
2015-04-23,876331.0,1179969,2056300.0,4,3,0
2015-04-24,837929.0,1166534,2004463.0,4,4,0
2015-04-25,737615.0,1038444,1776059.0,4,5,1
2015-04-26,741638.0,987066,1728704.0,4,6,1
2015-04-27,961748.0,1190243,2151991.0,4,0,0
2015-04-28,1117984.0,1246498,2364482.0,4,1,0
2015-04-29,1118206.0,1261564,2379770.0,4,2,0
2015-04-30,1100424.0,1263661,2364085.0,4,3,0
2015-05-01,974500.0,1076979,2051479.0,5,4,0
2015-05-02,899887.0,1086672,1986559.0,5,5,1
2015-05-03,783013.0,1016640,1799653.0,5,6,1
2015-05-04,829890.0,1165328,1995218.0,5,0,0
2015-05-05,797536.0,1167271,1964807.0,5,1,0
2015-05-06,883312.0,1183458,2066770.0,5,2,0
2015-05-07,885663.0,1187544,2073207.0,5,3,0
2015-05-08,745707.0,1027580,1773287.0,5,4,0
2015-05-09,678748.0,999722,1678470.0,5,5,1
2015-05-10,642463.0,944097,1586560.0,5,6,1
2015-05-11,692771.0,1111818,1804589.0,5,0,0
2015-05-12,699510.0,1137268,1836778.0,5,1,0
2015-05-13,703952.0,1140372,1844324.0,5,2,0
2015-05-14,646374.0,999599,1645973.0,5,3,0
2015-05-15,757739.0,1081334,1839073.0,5,4,0
2015-05-16,730242.0,1027084,1757326.0,5,5,1
2015-05-17,668826.0,956116,1624942.0,5,6,1
2015-05-18,760211.0,1130569,1890780.0,5,0,0
2015-05-19,845573.0,1179533,2025106.0,5,1,0
2015-05-20,905112.0,1205531,2110643.0,5,2,0
2015-05-21,873178.0,1210701,2083879.0,5,3,0
2015-05-22,807260.0,1180670,1987930.0,5,4,0
2015-05-23,660076.0,1032630,1692706.0,5,5,1
2015-05-24,592392.0,939418,1531810.0,5,6,1
2015-05-25,616093.0,978144,1594237.0,5,0,0
2015-05-26,734586.0,1140967,1875553.0,5,1,0
2015-05-27,755089.0,1158362,1913451.0,5,2,0
2015-05-28,728536.0,1161936,1890472.0,5,3,0
2015-05-29,734729.0,1149283,1884012.0,5,4,0
2015-05-30,633633.0,1013345,1646978.0,5,5,1
2015-05-31,599968.0,947168,1547136.0,5,6,1
2015-06-01,721556.0,1128885,1850441.0,6,0,0
2015-06-02,709961.0,1164581,1874542.0,6,1,0
2015-06-03,674241.0,1167720,1841961.0,6,2,0
2015-06-04,653701.0,1176835,1830536.0,6,3,0
2015-06-05,628682.0,1170928,1799610.0,6,4,0
2015-06-06,528196.0,1015562,1543758.0,6,5,1
2015-06-07,502270.0,934845,1437115.0,6,6,1
2015-06-08,609901.0,1115572,1725473.0,6,0,0
2015-06-09,653755.0,1147498,1801253.0,6,1,0
2015-06-10,650147.0,1151332,1801479.0,6,2,0
2015-06-11,622363.0,1166386,1788749.0,6,3,0
2015-06-12,604850.0,1143758,1748608.0,6,4,0
2015-06-13,525428.0,997001,1522429.0,6,5,1
2015-06-14,499128.0,926739,1425867.0,6,6,1
2015-06-15,602147.0,1104815,1706962.0,6,0,0
2015-06-16,635975.0,1134014,1769989.0,6,1,0
2015-06-17,647597.0,1139909,1787506.0,6,2,0
2015-06-18,655672.0,1152893,1808565.0,6,3,0
2015-06-19,624364.0,1123990,1748354.0,6,4,0
2015-06-20,543231.0,993744,1536975.0,6,5,1
2015-06-21,510161.0,924690,1434851.0,6,6,1
2015-06-22,627920.0,1120955,1748875.0,6,0,0
2015-06-23,659577.0,1149198,1808775.0,6,1,0
2015-06-24,645529.0,1151263,1796792.0,6,2,0
2015-06-25,628078.0,1161904,1789982.0,6,3,0
2015-06-26,594161.0,1160303,1754464.0,6,4,0
2015-06-27,508899.0,1023249,1532148.0,6,5,1
2015-06-28,475293.0,955215,1430508.0,6,6,1
2015-06-29,575332.0,1150256,1725588.0,6,0,0
2015-06-30,592870.0,1203090,1795960.0,6,1,0
2015-07-01,612226.0,1220219,1832445.0,7,2,0
2015-07-02,632010.0,1225805,1857815.0,7,3,0
2015-07-03,610167.0,1219515,1829682.0,7,4,0
2015-07-04,472310.0,1085246,1557556.0,7,5,1
2015-07-05,444679.0,986530,1431209.0,7,6,1
2015-07-06,615704.0,1178110,1793814.0,7,0,0
2015-07-07,625286.0,1218740,1844026.0,7,1,0
2015-07-08,592828.0,1185485,1778313.0,7,2,0
2015-07-09,605392.0,1175643,1781035.0,7,3,0
2015-07-10,580186.0,1171041,1751227.0,7,4,0
2015-07-11,484946.0,1044931,1529877.0,7,5,1
2015-07-12,450753.0,957897,1408650.0,7,6,1
2015-07-13,509284.0,1071775,1581059.0,7,0,0
2015-07-14,486239.0,1005665,1491904.0,7,1,0
2015-07-15,632331.0,1175657,1807988.0,7,2,0
2015-07-16,648429.0,1215095,1863524.0,7,3,0
2015-07-17,580859.0,1204577,1785436.0,7,4,0
2015-07-18,485855.0,1054154,1540009.0,7,5,1
2015-07-19,446183.0,962999,1409182.0,7,6,1
2015-07-20,602914.0,1160905,1763819.0,7,0,0
2015-07-21,615093.0,1207422,1822515.0,7,1,0
2015-07-22,636262.0,1192641,1828903.0,7,2,0
2015-07-23,629304.0,1175481,1804785.0,7,3,0
2015-07-24,591342.0,1158403,1749745.0,7,4,0
2015-07-25,477354.0,1006370,1483724.0,7,5,1
2015-07-26,458064.0,930094,1388158.0,7,6,1
2015-07-27,543402.0,1090069,1633471.0,7,0,0
2015-07-28,580378.0,1114658,1695036.0,7,1,0
2015-07-29,581339.0,1111209,1692548.0,7,2,0
2015-07-30,577089.0,1094846,1671935.0,7,3,0
2015-07-31,552689.0,1070456,1623145.0,7,4,0
2015-08-01,457301.0,954359,1411660.0,8,5,1
2015-08-02,420803.0,898367,1319170.0,8,6,1
2015-08-03,463380.0,1038402,1501782.0,8,0,0
2015-08-04,481324.0,1045364,1526688.0,8,1,0
2015-08-05,481824.0,1056641,1538465.0,8,2,0
2015-08-06,466206.0,1072949,1539155.0,8,3,0
2015-08-07,460495.0,1065485,1525980.0,8,4,0
2015-08-08,409100.0,959821,1368921.0,8,5,1
2015-08-09,391933.0,880407,1272340.0,8,6,1
2015-08-10,455914.0,985027,1440941.0,8,0,0
2015-08-11,452998.0,1018174,1471172.0,8,1,0
2015-08-12,446302.0,1036949,1483251.0,8,2,0
2015-08-13,445392.0,1031078,1476470.0,8,3,0
2015-08-14,452172.0,1003734,1455906.0,8,4,0
2015-08-15,416920.0,895240,1312160.0,8,5,1
2015-08-16,408683.0,853765,1262448.0,8,6,1
2015-08-17,477410.0,982159,1459569.0,8,0,0
2015-08-18,498917.0,1015556,1514473.0,8,1,0
2015-08-19,505346.0,1024892,1530238.0,8,2,0
2015-08-20,504247.0,1040620,1544867.0,8,3,0
2015-08-21,493498.0,1047456,1540954.0,8,4,0
2015-08-22,433367.0,961302,1394669.0,8,5,1
2015-08-23,417810.0,895509,1313319.0,8,6,1
2015-08-24,524198.0,1052703,1576901.0,8,0,0
2015-08-25,573787.0,1085970,1659757.0,8,1,0
2015-08-26,574005.0,1110434,1684439.0,8,2,0
2015-08-27,576586.0,1129621,1706207.0,8,3,0
2015-08-28,605423.0,1117708,1723131.0,8,4,0
2015-08-29,474987.0,1008851,1483838.0,8,5,1
2015-08-30,439414.0,948656,1388070.0,8,6,1
2015-08-31,579952.0,1131612,1711564.0,8,0,0
2015-09-01,628464.0,1141841,1770305.0,9,1,0
2015-09-02,674824.0,1130862,1805686.0,9,2,0
2015-09-03,684870.0,1137445,1822315.0,9,3,0
2015-09-04,626539.0,1125499,1752038.0,9,4,0
2015-09-05,531708.0,994677,1526385.0,9,5,1
2015-09-06,514996.0,936122,1451118.0,9,6,1
2015-09-07,669818.0,1117309,1787127.0,9,0,0
2015-09-08,672881.0,1148649,1821530.0,9,1,0
2015-09-09,667172.0,1152885,1820057.0,9,2,0
2015-09-10,660513.0,1153964,1814477.0,9,3,0
2015-09-11,646941.0,1142525,1789466.0,9,4,0
2015-09-12,553875.0,1009995,1563870.0,9,5,1
2015-09-13,535435.0,945782,1481217.0,9,6,1
2015-09-14,665031.0,1116896,1781927.0,9,0,0
2015-09-15,722824.0,1160017,1882841.0,9,1,0
2015-09-16,715281.0,1182852,1898133.0,9,2,0
2015-09-17,726099.0,1176234,1902333.0,9,3,0
2015-09-18,741258.0,1155782,1897040.0,9,4,0
2015-09-19,612800.0,1023227,1636027.0,9,5,1
2015-09-20,577761.0,956358,1534119.0,9,6,1
2015-09-21,802930.0,1133811,1936741.0,9,0,0
2015-09-22,873897.0,1176098,2049995.0,9,1,0
2015-09-23,942883.0,1187175,2130058.0,9,2,0
2015-09-24,958170.0,1192598,2150768.0,9,3,0
2015-09-25,907957.0,1168250,2076207.0,9,4,0
2015-09-26,758440.0,1036930,1795370.0,9,5,1
2015-09-27,684379.0,974975,1659354.0,9,6,1
2015-09-28,906753.0,1152917,2059670.0,9,0,0
2015-09-29,968882.0,1191275,2160157.0,9,1,0
2015-09-30,978839.0,1199005,2177844.0,9,2,0
2015-10-01,1046483.0,1210815,2257298.0,10,3,0
2015-10-02,1059217.0,1205748,2264965.0,10,4,0
2015-10-03,851023.0,1071141,1922164.0,10,5,1
2015-10-04,801898.0,1014855,1816753.0,10,6,1
2015-10-05,963386.0,1189859,2153245.0,10,0,0
2015-10-06,935749.0,1197750,2133499.0,10,1,0
2015-10-07,1029688.0,1208037,2237725.0,10,2,0
2015-10-08,1112576.0,1215953,2328529.0,10,3,0
2015-10-09,1148290.0,1215725,2364015.0,10,4,0
2015-10-10,932829.0,1092817,2025646.0,10,5,1
2015-10-11,900878.0,1032254,1933132.0,10,6,1
2015-10-12,1237381.0,1235153,2472534.0,10,0,0
2015-10-13,1414957.0,1305707,2720664.0,10,1,0
2015-10-14,1636428.0,1386173,3022601.0,10,2,0
2015-10-15,1780754.0,1449266,3230020.0,10,3,0
2015-10-16,1792805.0,1464203,3257008.0,10,4,0
2015-10-17,1503363.0,1284797,2788160.0,10,5,1
2015-10-18,1300456.0,1192394,2492850.0,10,6,1
2015-10-19,1584544.0,1368092,2952636.0,10,0,0
2015-10-20,1591823.0,1393166,2984989.0,10,1,0
2015-10-21,1616968.0,1410810,3027778.0,10,2,0
2015-10-22,1519228.0,1394504,2913732.0,10,3,0
2015-10-23,1428788.0,1343312,2772100.0,10,4,0
2015-10-24,1129697.0,1200748,2330445.0,10,5,1
2015-10-25,1097963.0,1116998,2214961.0,10,6,1
2015-10-26,1347114.0,1294808,2641922.0,10,0,0
2015-10-27,1302007.0,1304688,2606695.0,10,1,0
2015-10-28,1333714.0,1312425,2646139.0,10,2,0
2015-10-29,1422380.0,1331648,2754028.0,10,3,0
2015-10-30,1409434.0,1307709,2717143.0,10,4,0
2015-10-31,1145390.0,1167874,2313264.0,10,5,1
2015-11-01,1139698.0,1111489,2251187.0,11,6,1
2015-11-02,1552153.0,1330635,2882788.0,11,0,0
2015-11-03,1537889.0,1364750,2902639.0,11,1,0
2015-11-04,1447309.0,1336352,2783661.0,11,2,0
2015-11-05,1401867.0,1317245,2719112.0,11,3,0
2015-11-06,1276485.0,1280928,2557413.0,11,4,0
2015-11-07,937356.0,1115449,2052805.0,11,5,1
2015-11-08,913933.0,1055094,1969027.0,11,6,1
2015-11-09,1169277.0,1227695,2396972.0,11,0,0
2015-11-10,1324017.0,1280993,2605010.0,11,1,0
2015-11-11,1244013.0,1167696,2411709.0,11,2,0
2015-11-12,1437028.0,1319103,2756131.0,11,3,0
2015-11-13,1470205.0,1340726,2810931.0,11,4,0
2015-11-14,1429685.0,1247980,2677665.0,11,5,1
2015-11-15,1206586.0,1165963,2372549.0,11,6,1
2015-11-16,1465526.0,1346348,2811874.0,11,0,0
2015-11-17,1433938.0,1367908,2801846.0,11,1,0
2015-11-18,1388275.0,1336693,2724968.0,11,2,0
2015-11-19,1384911.0,1348175,2733086.0,11,3,0
2015-11-20,1444035.0,1360300,2804335.0,11,4,0
2015-11-21,1632925.0,1342458,2975383.0,11,5,1
2015-11-22,1838030.0,1388588,3226618.0,11,6,1
2015-11-23,2299608.0,1632410,3932018.0,11,0,0
2015-11-24,2430302.0,1728214,4158516.0,11,1,0
2015-11-25,2158809.0,1637318,3796127.0,11,2,0
2015-11-26,2151306.0,1609957,3761263.0,11,3,0
2015-11-27,2260440.0,1638094,3898534.0,11,4,0
2015-11-28,1938092.0,1502538,3440630.0,11,5,1
2015-11-29,1643755.0,1409217,3052972.0,11,6,1
2015-11-30,1801464.0,1522695,3324159.0,11,0,0
2015-12-01,1781548.0,1520143,3301691.0,12,1,0
2015-12-02,1888411.0,1547075,3435486.0,12,2,0
2015-12-03,1982244.0,1590115,3572359.0,12,3,0
2015-12-04,1890169.0,1551042,3441211.0,12,4,0
2015-12-05,1755948.0,1444809,3200757.0,12,5,1
2015-12-06,1563315.0,1337924,2901239.0,12,6,1
2015-12-07,1760279.0,1469644,3229923.0,12,0,0
2015-12-08,1820966.0,1520541,3341507.0,12,1,0
2015-12-09,1978087.0,1549598,3527685.0,12,2,0
2015-12-10,2228450.0,1655424,3883874.0,12,3,0
2015-12-11,2142319.0,1632836,3775155.0,12,4,0
2015-12-12,1727180.0,1443803,3170983.0,12,5,1
2015-12-13,1740843.0,1419978,3160821.0,12,6,1
2015-12-14,2066536.0,1598485,3665021.0,12,0,0
2015-12-15,1935560.0,1581674,3517234.0,12,1,0
2015-12-16,1713847.0,1514360,3228207.0,12,2,0
2015-12-17,1569017.0,1469450,3038467.0,12,3,0
2015-12-18,1532150.0,1435225,2967375.0,12,4,0
2015-12-19,1331422.0,1299258,2630680.0,12,5,1
2015-12-20,1291122.0,1243937,2535059.0,12,6,1
2015-12-21,1510785.0,1393096,2903881.0,12,0,0
2015-12-22,1454182.0,1407383,2861565.0,12,1,0
2015-12-23,1497175.0,1383149,2880324.0,12,2,0
2015-12-24,1331380.0,1313283,2644663.0,12,3,0
2015-12-25,1237050.0,1160668,2397718.0,12,4,0
2015-12-26,1289787.0,1214597,2504384.0,12,5,1
2015-12-27,1364899.0,1224810,2589709.0,12,6,1
2015-12-28,1575648.0,1364450,2940098.0,12,0,0
2015-12-29,1601294.0,1373085,2974379.0,12,1,0
2015-12-30,1573333.0,1400639,2973972.0,12,2,0
2015-12-31,1496238.0,1367126,2863364.0,12,3,0
2016-01-01,1513171.0,1291057,2804228.0,1,4,0
2016-01-02,1484747.0,1330381,2815128.0,1,5,1
2016-01-03,1595413.0,1362154,2957567.0,1,6,1
2016-01-04,1887720.0,1545127,3432847.0,1,0,0
2016-01-05,1982247.0,1615534,3597781.0,1,1,0
2016-01-06,1970779.0,1632519,3603298.0,1,2,0
2016-01-07,1954792.0,1626292,3581084.0,1,3,0
2016-01-08,1953942.0,1604077,3558019.0,1,4,0
2016-01-09,1619859.0,1427819,3047678.0,1,5,1
2016-01-10,1642356.0,1391691,3034047.0,1,6,1
2016-01-11,1939681.0,1592203,3531884.0,1,0,0
2016-01-12,2079916.0,1662337,3742253.0,1,1,0
2016-01-13,2209402.0,1719213,3928615.0,1,2,0
2016-01-14,2266928.0,1742211,4009139.0,1,3,0
2016-01-15,2419382.0,1790036,4209418.0,1,4,0
2016-01-16,2267973.0,1686693,3954666.0,1,5,1
2016-01-17,2266256.0,1637307,3903563.0,1,6,1
2016-01-18,2700515.0,1878075,4578590.0,1,0,0
2016-01-19,2720132.0,1896641,4616773.0,1,1,0
2016-01-20,2683696.0,1882762,4566458.0,1,2,0
2016-01-21,2751890.0,1889268,4641158.0,1,3,0
2016-01-22,2573348.0,1855451,4428799.0,1,4,0
2016-01-23,2037034.0,1570892,3607926.0,1,5,1
2016-01-24,1835613.0,1463863,3299476.0,1,6,1
2016-01-25,1965237.0,1594964,3560201.0,1,0,0
2016-01-26,1861503.0,1585990,3447493.0,1,1,0
2016-01-27,1811599.0,1580173,3391772.0,1,2,0
2016-01-28,1872783.0,1576566,3449349.0,1,3,0
2016-01-29,1901247.0,1599994,3501241.0,1,4,0
2016-01-30,1663418.0,1471051,3134469.0,1,5,1
2016-01-31,1513511.0,1360040,2873551.0,1,6,1
2016-02-01,1555032.0,1481817,3036849.0,2,0,0
2016-02-02,1624163.0,1512319,3136482.0,2,1,0
2016-02-03,1897769.0,1588165,3485934.0,2,2,0
2016-02-04,2046622.0,1668077,3714699.0,2,3,0
2016-02-05,1810538.0,1561905,3372443.0,2,4,0
2016-02-06,1524779.0,1404926,2929705.0,2,5,1
2016-02-07,1549963.0,1356735,2906698.0,2,6,1
2016-02-08,1763579.0,1558782,3322361.0,2,0,0
2016-02-09,1865343.0,1611218,3476561.0,2,1,0
2016-02-10,2110087.0,1684417,3794504.0,2,2,0
2016-02-11,2163451.0,1686986,3850437.0,2,3,0
2016-02-12,2140853.0,1693545,3834398.0,2,4,0
2016-02-13,1754684.0,1508507,3263191.0,2,5,1
2016-02-14,1705186.0,1418978,3124164.0,2,6,1
2016-02-15,2215639.0,1692533,3908172.0,2,0,0
2016-02-16,2403061.0,1766124,4169185.0,2,1,0
2016-02-17,2540205.0,1805954,4346159.0,2,2,0
2016-02-18,2493711.0,1801875,4295586.0,2,3,0
2016-02-19,2273221.0,1730494,4003715.0,2,4,0
2016-02-20,1755481.0,1539193,3294674.0,2,5,1
2016-02-21,1468127.0,1350615,2818742.0,2,6,1
2016-02-22,1672467.0,1517251,3189718.0,2,0,0
2016-02-23,1870575.0,1555692,3426267.0,2,1,0
2016-02-24,2040190.0,1611927,3652117.0,2,2,0
2016-02-25,2095568.0,1631040,3726608.0,2,3,0
2016-02-26,2140685.0,1655095,3795780.0,2,4,0
2016-02-27,1908236.0,1553337,3461573.0,2,5,1
2016-02-28,1907844.0,1505155,3412999.0,2,6,1
2016-02-29,2244709.0,1709811,3954520.0,2,0,0
2016-03-01,2257695.0,1719299,3976994.0,3,1,0
2016-03-02,1961106.0,1641834,3602940.0,3,2,0
2016-03-03,2132023.0,1679741,3811764.0,3,3,0
2016-03-04,2038072.0,1639159,3677231.0,3,4,0
2016-03-05,1846717.0,1514814,3361531.0,3,5,1
2016-03-06,1854132.0,1482813,3336945.0,3,6,1
2016-03-07,2250276.0,1680707,3930983.0,3,0,0
2016-03-08,2274042.0,1718149,3992191.0,3,1,0
2016-03-09,2167598.0,1692416,3860014.0,3,2,0
2016-03-10,2084165.0,1666167,3750332.0,3,3,0
2016-03-11,1994698.0,1617085,3611783.0,3,4,0
2016-03-12,1680090.0,1452669,3132759.0,3,5,1
2016-03-13,1664066.0,1393308,3057374.0,3,6,1
2016-03-14,1921793.0,1556837,3478630.0,3,0,0
2016-03-15,1958686.0,1555083,3513769.0,3,1,0
2016-03-16,2007016.0,1610709,3617725.0,3,2,0
2016-03-17,2009128.0,1599746,3608874.0,3,3,0
2016-03-18,1948334.0,1546531,3494865.0,3,4,0
2016-03-19,1649278.0,1418674,3067952.0,3,5,1
2016-03-20,1618350.0,1352268,2970618.0,3,6,1
2016-03-21,1880115.0,1496742,3376857.0,3,0,0
2016-03-22,1829049.0,1489335,3318384.0,3,1,0
2016-03-23,1858160.0,1514189,3372349.0,3,2,0
2016-03-24,1811113.0,1498044,3309157.0,3,3,0
2016-03-25,1616914.0,1474488,3091402.0,3,4,0
2016-03-26,1270446.0,1290090,2560536.0,3,5,1
2016-03-27,1296192.0,1224880,2521072.0,3,6,1
2016-03-28,1395876.0,1258158,2654034.0,3,0,0
2016-03-29,1590919.0,1422457,3013376.0,3,1,0
2016-03-30,1595758.0,1415289,3011047.0,3,2,0
2016-03-31,1664199.0,1424344,3088543.0,3,3,0
2016-04-01,1711257.0,1461459,3172716.0,4,4,0
2016-04-02,1386290.0,1326204,2712494.0,4,5,1
2016-04-03,1039761.0,1168046,2207807.0,4,6,1
2016-04-04,1236792.0,1315264,2552056.0,4,0,0
2016-04-05,1289702.0,1341273,2630975.0,4,1,0
2016-04-06,1328878.0,1351875,2680753.0,4,2,0
2016-04-07,1461186.0,1382446,2843632.0,4,3,0
2016-04-08,1584486.0,1412213,2996699.0,4,4,0
2016-04-09,1315462.0,1281316,2596778.0,4,5,1
2016-04-10,1135397.0,1182519,2317916.0,4,6,1
2016-04-11,1214334.0,1298560,2512894.0,4,0,0
2016-04-12,1306302.0,1304548,2610850.0,4,1,0
2016-04-13,1274624.0,1294241,2568865.0,4,2,0
2016-04-14,1272964.0,1298993,2571957.0,4,3,0
2016-04-15,1136304.0,1267187,2403491.0,4,4,0
2016-04-16,979700.0,1142930,2122630.0,4,5,1
2016-04-17,1091996.0,1120547,2212543.0,4,6,1
2016-04-18,1386492.0,1320102,2706594.0,4,0,0
2016-04-19,1297064.0,1313365,2610429.0,4,1,0
2016-04-20,1142887.0,1268913,2411800.0,4,2,0
2016-04-21,1084050.0,1247312,2331362.0,4,3,0
2016-04-22,1036874.0,1223399,2260273.0,4,4,0
2016-04-23,1013845.0,1148417,2162262.0,4,5,1
2016-04-24,1211946.0,1172048,2383994.0,4,6,1
2016-04-25,1464048.0,1392672,2856720.0,4,0,0
2016-04-26,1601634.0,1407146,3008780.0,4,1,0
2016-04-27,1648517.0,1431072,3079589.0,4,2,0
2016-04-28,1577283.0,1401589,2978872.0,4,3,0
2016-04-29,1437294.0,1364958,2802252.0,4,4,0
2016-04-30,1227975.0,1245076,2473051.0,4,5,1
2016-05-01,1183915.0,1174472,2358387.0,5,6,1
2016-05-02,1220608.0,1288955,2509563.0,5,0,0
2016-05-03,1133442.0,1265340,2398782.0,5,1,0
2016-05-04,1094097.0,1240564,2334661.0,5,2,0
2016-05-05,795245.0,1046528,1841773.0,5,3,0
2016-05-06,709531.0,1066303,1775834.0,5,4,0
2016-05-07,608726.0,990481,1599207.0,5,5,1
2016-05-08,581714.0,937241,1518955.0,5,6,1
2016-05-09,709388.0,1125277,1834665.0,5,0,0
2016-05-10,806643.0,1159995,1966638.0,5,1,0
2016-05-11,838060.0,1171432,2009492.0,5,2,0
2016-05-12,857505.0,1181755,2039260.0,5,3,0
2016-05-13,802013.0,1175801,1977814.0,5,4,0
2016-05-14,755364.0,1057196,1812560.0,5,5,1
2016-05-15,779388.0,998358,1777746.0,5,6,1
2016-05-16,801356.0,1033594,1834950.0,5,0,0
2016-05-17,894631.0,1164879,2059510.0,5,1,0
2016-05-18,893229.0,1176552,2069781.0,5,2,0
2016-05-19,961110.0,1191746,2152856.0,5,3,0
2016-05-20,838016.0,1172332,2010348.0,5,4,0
2016-05-21,620990.0,1015608,1636598.0,5,5,1
2016-05-22,604216.0,956704,1560920.0,5,6,1
2016-05-23,889134.0,1158009,2047143.0,5,0,0
2016-05-24,934881.0,1182173,2117054.0,5,1,0
2016-05-25,886185.0,1159401,2045586.0,5,2,0
2016-05-26,809165.0,1133689,1942854.0,5,3,0
2016-05-27,711925.0,1114261,1826186.0,5,4,0
2016-05-28,548190.0,983552,1531742.0,5,5,1
2016-05-29,543461.0,922621,1466082.0,5,6,1
2016-05-30,724462.0,1122491,1846953.0,5,0,0
2016-05-31,858034.0,1174357,2032391.0,5,1,0
2016-06-01,851237.0,1166612,2017849.0,6,2,0
2016-06-02,828711.0,1178866,2007577.0,6,3,0
2016-06-03,824037.0,1166568,1990605.0,6,4,0
2016-06-04,661975.0,1023107,1685082.0,6,5,1
2016-06-05,586119.0,941277,1527396.0,6,6,1
2016-06-06,690971.0,1099809,1790780.0,6,0,0
2016-06-07,685255.0,1116354,1801609.0,6,1,0
2016-06-08,634648.0,1117613,1752261.0,6,2,0
2016-06-09,661867.0,1117106,1778973.0,6,3,0
2016-06-10,639688.0,1102270,1741958.0,6,4,0
2016-06-11,531338.0,977714,1509052.0,6,5,1
2016-06-12,519216.0,921859,1441075.0,6,6,1
2016-06-13,706774.0,1095852,1802626.0,6,0,0
2016-06-14,765135.0,1114948,1880083.0,6,1,0
2016-06-15,780568.0,1131596,1912164.0,6,2,0
2016-06-16,779295.0,1137835,1917130.0,6,3,0
2016-06-17,674828.0,1126969,1801797.0,6,4,0
2016-06-18,580373.0,999073,1579446.0,6,5,1
2016-06-19,557711.0,934468,1492179.0,6,6,1
2016-06-20,660636.0,1114541,1775177.0,6,0,0
2016-06-21,735224.0,1148557,1883781.0,6,1,0
2016-06-22,731500.0,1158224,1889724.0,6,2,0
2016-06-23,712590.0,1162665,1875255.0,6,3,0
2016-06-24,709893.0,1138827,1848720.0,6,4,0
2016-06-25,514832.0,997474,1512306.0,6,5,1
2016-06-26,496115.0,927985,1424100.0,6,6,1
2016-06-27,622531.0,1103536,1726067.0,6,0,0
2016-06-28,735738.0,1134801,1870539.0,6,1,0
2016-06-29,696093.0,1144463,1840556.0,6,2,0
2016-06-30,711382.0,1153346,1864728.0,6,3,0
2016-07-01,651921.0,1143751,1795672.0,7,4,0
2016-07-02,542648.0,1003332,1545980.0,7,5,1
2016-07-03,528400.0,936436,1464836.0,7,6,1
2016-07-04,715695.0,1120587,1836282.0,7,0,0
2016-07-05,695703.0,1152815,1848518.0,7,1,0
2016-07-06,670260.0,1157644,1827904.0,7,2,0
2016-07-07,679144.0,1169467,1848611.0,7,3,0
2016-07-08,626188.0,1164159,1790347.0,7,4,0
2016-07-09,511964.0,1039357,1551321.0,7,5,1
2016-07-10,478044.0,976551,1454595.0,7,6,1
2016-07-11,613757.0,1138266,1752023.0,7,0,0
2016-07-12,701811.0,1146401,1848212.0,7,1,0
2016-07-13,730421.0,1128124,1858545.0,7,2,0
2016-07-14,545512.0,974336,1519848.0,7,3,0
2016-07-15,554759.0,1038948,1593707.0,7,4,0
2016-07-16,506045.0,980777,1486822.0,7,5,1
2016-07-17,483430.0,933750,1417180.0,7,6,1
2016-07-18,677913.0,1132266,1810179.0,7,0,0
2016-07-19,712352.0,1183774,1896126.0,7,1,0
2016-07-20,719067.0,1183651,1902718.0,7,2,0
2016-07-21,743523.0,1173024,1916547.0,7,3,0
2016-07-22,737580.0,1140323,1877903.0,7,4,0
2016-07-23,523084.0,1005366,1528450.0,7,5,1
2016-07-24,476531.0,937615,1414146.0,7,6,1
2016-07-25,647288.0,1112697,1759985.0,7,0,0
2016-07-26,707165.0,1136014,1843179.0,7,1,0
2016-07-27,722828.0,1133388,1856216.0,7,2,0
2016-07-28,705553.0,1132018,1837571.0,7,3,0
2016-07-29,586479.0,1111253,1697732.0,7,4,0
2016-07-30,483410.0,989488,1472898.0,7,5,1
2016-07-31,438853.0,910865,1349718.0,7,6,1
2016-08-01,531394.0,1026254,1557648.0,8,0,0
2016-08-02,590511.0,1054016,1644527.0,8,1,0
2016-08-03,559558.0,1063377,1622935.0,8,2,0
2016-08-04,575001.0,1058008,1633009.0,8,3,0
2016-08-05,598724.0,1023813,1622537.0,8,4,0
2016-08-06,448231.0,935111,1383342.0,8,5,1
2016-08-07,416115.0,888888,1305003.0,8,6,1
2016-08-08,497330.0,1004307,1501637.0,8,0,0
2016-08-09,549203.0,1013133,1562336.0,8,1,0
2016-08-10,549822.0,999687,1549509.0,8,2,0
2016-08-11,576155.0,1003461,1579616.0,8,3,0
2016-08-12,567974.0,1012600,1580574.0,8,4,0
2016-08-13,445738.0,949134,1394872.0,8,5,1
2016-08-14,414777.0,889577,1304354.0,8,6,1
2016-08-15,461425.0,911373,1372798.0,8,0,0
2016-08-16,564617.0,1034991,1599608.0,8,1,0
2016-08-17,598115.0,1053734,1651849.0,8,2,0
2016-08-18,616890.0,1052679,1669569.0,8,3,0
2016-08-19,620944.0,1048462,1669406.0,8,4,0
2016-08-20,497586.0,957478,1455064.0,8,5,1
2016-08-21,453311.0,888877,1342188.0,8,6,1
2016-08-22,619124.0,1053468,1672592.0,8,0,0
2016-08-23,661306.0,1112840,1774146.0,8,1,0
2016-08-24,670259.0,1137610,1807869.0,8,2,0
2016-08-25,688138.0,1154392,1842530.0,8,3,0
2016-08-26,679187.0,1150845,1830032.0,8,4,0
2016-08-27,599643.0,1038899,1638542.0,8,5,1
2016-08-28,530211.0,955096,1485307.0,8,6,1
2016-08-29,709017.0,1116034,1825051.0,8,0,0
2016-08-30,747397.0,1147127,1894524.0,8,1,0
2016-08-31,755020.0,1160305,1915325.0,8,2,0
2016-09-01,780891.0,1166171,1947062.0,9,3,0
2016-09-02,764106.0,1158342,1922448.0,9,4,0
2016-09-03,607976.0,1027247,1635223.0,9,5,1
2016-09-04,504698.0,961745,1466443.0,9,6,1
2016-09-05,750532.0,1134501,1885033.0,9,0,0
2016-09-06,811627.0,1173757,1985384.0,9,1,0
2016-09-07,811955.0,1169278,1981233.0,9,2,0
2016-09-08,801821.0,1165921,1967742.0,9,3,0
2016-09-09,781055.0,1152723,1933778.0,9,4,0
2016-09-10,653439.0,1021345,1674784.0,9,5,1
2016-09-11,574999.0,955681,1530680.0,9,6,1
2016-09-12,737683.0,1140084,1877767.0,9,0,0
2016-09-13,756550.0,1171988,1928538.0,9,1,0
2016-09-14,793342.0,1153828,1947170.0,9,2,0
2016-09-15,812440.0,1140193,1952633.0,9,3,0
2016-09-16,804495.0,1123676,1928171.0,9,4,0
2016-09-17,662380.0,994733,1657113.0,9,5,1
2016-09-18,605770.0,942985,1548755.0,9,6,1
2016-09-19,820510.0,1111000,1931510.0,9,0,0
2016-09-20,896620.0,1138722,2035342.0,9,1,0
2016-09-21,912205.0,1140053,2052258.0,9,2,0
2016-09-22,908394.0,1141835,2050229.0,9,3,0
2016-09-23,868533.0,1129173,1997706.0,9,4,0
2016-09-24,690670.0,1001606,1692276.0,9,5,1
2016-09-25,599917.0,936476,1536393.0,9,6,1
2016-09-26,887372.0,1113814,2001186.0,9,0,0
2016-09-27,914989.0,1147198,2062187.0,9,1,0
2016-09-28,916548.0,1146629,2063177.0,9,2,0
2016-09-29,899695.0,1147043,2046738.0,9,3,0
2016-09-30,900442.0,1136876,2037318.0,9,4,0
2016-10-01,774384.0,1019268,1793652.0,10,5,1
2016-10-02,725755.0,964097,1689852.0,10,6,1
2016-10-03,965509.0,1137013,2102522.0,10,0,0
2016-10-04,1024814.0,1174309,2199123.0,10,1,0
2016-10-05,1047273.0,1187707,2234980.0,10,2,0
2016-10-06,1198967.0,1214990,2413957.0,10,3,0
2016-10-07,1265010.0,1232560,2497570.0,10,4,0
2016-10-08,1121891.0,1104064,2225955.0,10,5,1
2016-10-09,1097081.0,1059344,2156425.0,10,6,1
2016-10-10,1422422.0,1279769,2702191.0,10,0,0
2016-10-11,1530393.0,1332276,2862669.0,10,1,0
2016-10-12,1615904.0,1365368,2981272.0,10,2,0
2016-10-13,1634399.0,1390881,3025280.0,10,3,0
2016-10-14,1540450.0,1362176,2902626.0,10,4,0
2016-10-15,1288982.0,1176433,2465415.0,10,5,1
2016-10-16,1167725.0,1093413,2261138.0,10,6,1
2016-10-17,1288270.0,1253769,2542039.0,10,0,0
2016-10-18,1408700.0,1295391,2704091.0,10,1,0
2016-10-19,1527170.0,1332044,2859214.0,10,2,0
2016-10-20,1566556.0,1350115,2916671.0,10,3,0
2016-10-21,1580317.0,1354028,2934345.0,10,4,0
2016-10-22,1505696.0,1241414,2747110.0,10,5,1
2016-10-23,1419139.0,1192617,2611756.0,10,6,1
2016-10-24,1454696.0,1312836,2767532.0,10,0,0
2016-10-25,1425054.0,1317170,2742224.0,10,1,0
2016-10-26,1477706.0,1324763,2802469.0,10,2,0
2016-10-27,1515997.0,1337205,2853202.0,10,3,0
2016-10-28,1556701.0,1338081,2894782.0,10,4,0
2016-10-29,1373844.0,1206656,2580500.0,10,5,1
2016-10-30,1322704.0,1136504,2459208.0,10,6,1
2016-10-31,1415833.0,1231188,2647021.0,10,0,0
2016-11-01,1465790.0,1178146,2643936.0,11,1,0
2016-11-02,1668189.0,1352713,3020902.0,11,2,0
2016-11-03,1920354.0,1441101,3361455.0,11,3,0
2016-11-04,1974876.0,1471952,3446828.0,11,4,0
2016-11-05,1693058.0,1297514,2990572.0,11,5,1
2016-11-06,1735281.0,1292712,3027993.0,11,6,1
2016-11-07,2237106.0,1569913,3807019.0,11,0,0
2016-11-08,2314934.0,1632441,3947375.0,11,1,0
2016-11-09,2238378.0,1626644,3865022.0,11,2,0
2016-11-10,2052500.0,1567301,3619801.0,11,3,0
2016-11-11,1905250.0,1386271,3291521.0,11,4,0
2016-11-12,1985804.0,1445244,3431048.0,11,5,1
2016-11-13,1807648.0,1353195,3160843.0,11,6,1
2016-11-14,2106056.0,1541899,3647955.0,11,0,0
2016-11-15,2039895.0,1558525,3598420.0,11,1,0
2016-11-16,1905380.0,1511825,3417205.0,11,2,0
2016-11-17,1833387.0,1482034,3315421.0,11,3,0
2016-11-18,1901833.0,1487192,3389025.0,11,4,0
2016-11-19,1838359.0,1391451,3229810.0,11,5,1
2016-11-20,1518239.0,1293514,2811753.0,11,6,1
2016-11-21,1671815.0,1422800,3094615.0,11,0,0
2016-11-22,1822198.0,1479341,3301539.0,11,1,0
2016-11-23,1824529.0,1480028,3304557.0,11,2,0
2016-11-24,1778912.0,1470665,3249577.0,11,3,0
2016-11-25,1907648.0,1495677,3403325.0,11,4,0
2016-11-26,1736555.0,1377427,3113982.0,11,5,1
2016-11-27,1703349.0,1337755,3041104.0,11,6,1
2016-11-28,2234991.0,1592831,3827822.0,11,0,0
2016-11-29,2562066.0,1737278,4299344.0,11,1,0
2016-11-30,2622342.0,1755150,4377492.0,11,2,0
2016-12-01,2649308.0,1768882,4418190.0,12,3,0
2016-12-02,2549012.0,1763160,4312172.0,12,4,0
2016-12-03,2256896.0,1600523,3857419.0,12,5,1
2016-12-04,2278040.0,1561410,3839450.0,12,6,1
2016-12-05,2467031.0,1688521,4155552.0,12,0,0
2016-12-06,2436600.0,1693239,4129839.0,12,1,0
2016-12-07,2446823.0,1705795,4152618.0,12,2,0
2016-12-08,2405096.0,1700944,4106040.0,12,3,0
2016-12-09,2338577.0,1663294,4001871.0,12,4,0
2016-12-10,2196981.0,1542394,3739375.0,12,5,1
2016-12-11,2072863.0,1473685,3546548.0,12,6,1
2016-12-12,2327562.0,1642829,3970391.0,12,0,0
2016-12-13,2316350.0,1669540,3985890.0,12,1,0
2016-12-14,2323731.0,1663714,3987445.0,12,2,0
2016-12-15,2355771.0,1684422,4040193.0,12,3,0
2016-12-16,2215047.0,1625282,3840329.0,12,4,0
2016-12-17,2168055.0,1542242,3710297.0,12,5,1
2016-12-18,2202441.0,1535987,3738428.0,12,6,1
2016-12-19,2453509.0,1737849,4191358.0,12,0,0
2016-12-20,2469439.0,1747458,4216897.0,12,1,0
2016-12-21,2429112.0,1735892,4165004.0,12,2,0
2016-12-22,2261728.0,1659620,3921348.0,12,3,0
2016-12-23,2154399.0,1595513,3749912.0,12,4,0
2016-12-24,1765942.0,1411560,3177502.0,12,5,1
2016-12-25,1521813.0,1289871,2811684.0,12,6,1
2016-12-26,1697375.0,1391405,3088780.0,12,0,0
2016-12-27,2090972.0,1521318,3612290.0,12,1,0
2016-12-28,2264379.0,1604697,3869076.0,12,2,0
2016-12-29,2440770.0,1688167,4128937.0,12,3,0
2016-12-30,2574347.0,1738658,4313005.0,12,4,0
2016-12-31,2547178.0,1724898,4272076.0,12,5,1
2017-01-01,2455696.0,1652959,4108655.0,1,6,1
2017-01-02,2603098.0,1763909,4367007.0,1,0,0
2017-01-03,2797281.0,1882155,4679436.0,1,1,0
2017-01-04,2775902.0,1921686,4697588.0,1,2,0
2017-01-05,2728865.0,1884010,4612875.0,1,3,0
2017-01-06,2941372.0,1882520,4823892.0,1,4,0
2017-01-07,2765577.0,1879119,4644696.0,1,5,1
2017-01-08,2323504.0,1700475,4023979.0,1,6,1
2017-01-09,2476262.0,1804520,4280782.0,1,0,0
2017-01-10,2411621.0,1801051,4212672.0,1,1,0
2017-01-11,2298263.0,1764766,4063029.0,1,2,0
2017-01-12,2253479.0,1730157,3983636.0,1,3,0
2017-01-13,2471828.0,1791308,4263136.0,1,4,0
2017-01-14,2364099.0,1706507,4070606.0,1,5,1
2017-01-15,2337928.0,1666246,4004174.0,1,6,1
2017-01-16,2637816.0,1830859,4468675.0,1,0,0
2017-01-17,2992183.0,1892516,4884699.0,1,1,0
2017-01-18,3135358.0,1701856,4837214.0,1,2,0
2017-01-19,3155620.0,1679931,4835551.0,1,3,0
2017-01-20,3105513.0,1774276,4879789.0,1,4,0
2017-01-21,2856743.0,1900189,4756932.0,1,5,1
2017-01-22,2691877.0,1820183,4512060.0,1,6,1
2017-01-23,2920284.0,1922637,4842921.0,1,0,0
2017-01-24,2979828.0,1776013,4755841.0,1,1,0
2017-01-25,3071677.0,1729526,4801203.0,1,2,0
2017-01-26,3067928.0,1796271,4864199.0,1,3,0
2017-01-27,2657770.0,1915922,4573692.0,1,4,0
2017-01-28,2137535.0,1637102,3774637.0,1,5,1
2017-01-29,2072701.0,1559237,3631938.0,1,6,1
2017-01-30,2152770.0,1683718,3836488.0,1,0,0
2017-01-31,1994761.0,1613711,3608472.0,1,1,0
2017-02-01,1911363.0,1585860,3497223.0,2,2,0
2017-02-02,1818991.0,1579096,3398087.0,2,3,0
2017-02-03,1849720.0,1592775,3442495.0,2,4,0
2017-02-04,1780693.0,1493360,3274053.0,2,5,1
2017-02-05,1814927.0,1457110,3272037.0,2,6,1
2017-02-06,2177987.0,1664285,3842272.0,2,0,0
2017-02-07,2145860.0,1658696,3804556.0,2,1,0
2017-02-08,2247421.0,1697302,3944723.0,2,2,0
2017-02-09,2404012.0,1757765,4161777.0,2,3,0
2017-02-10,2499530.0,1776260,4275790.0,2,4,0
2017-02-11,2336385.0,1676824,4013209.0,2,5,1
2017-02-12,2154641.0,1561962,3716603.0,2,6,1
2017-02-13,2154291.0,1633143,3787434.0,2,0,0
2017-02-14,2070866.0,1602688,3673554.0,2,1,0
2017-02-15,1892710.0,1532524,3425234.0,2,2,0
2017-02-16,1906085.0,1523533,3429618.0,2,3,0
2017-02-17,1947449.0,1524694,3472143.0,2,4,0
2017-02-18,1885384.0,1415768,3301152.0,2,5,1
2017-02-19,1898902.0,1385001,3283903.0,2,6,1
2017-02-20,1935626.0,1529200,3464826.0,2,0,0
2017-02-21,1811949.0,1504061,3316010.0,2,1,0
2017-02-22,1781581.0,1494477,3276058.0,2,2,0
2017-02-23,1855360.0,1512493,3367853.0,2,3,0
2017-02-24,1983314.0,1523982,3507296.0,2,4,0
2017-02-25,1958900.0,1447686,3406586.0,2,5,1
2017-02-26,1729170.0,1351092,3080262.0,2,6,1
2017-02-27,1887869.0,1515794,3403663.0,2,0,0
2017-02-28,2092067.0,1605758,3697825.0,2,1,0
2017-03-01,2080044.0,1620427,3700471.0,3,2,0
2017-03-02,1949338.0,1536212,3485550.0,3,3,0
2017-03-03,1836289.0,1492278,3328567.0,3,4,0
2017-03-04,1592969.0,1377543,2970512.0,3,5,1
2017-03-05,1674054.0,1388292,3062346.0,3,6,1
2017-03-06,1992949.0,1563164,3556113.0,3,0,0
2017-03-07,2049764.0,1594084,3643848.0,3,1,0
2017-03-08,1965223.0,1569928,3535151.0,3,2,0
2017-03-09,1721697.0,1461467,3183164.0,3,3,0
2017-03-10,1697727.0,1402317,3100044.0,3,4,0
2017-03-11,1412604.0,1248002,2660606.0,3,5,1
2017-03-12,1252954.0,1192722,2445676.0,3,6,1
2017-03-13,1591624.0,1369350,2960974.0,3,0,0
2017-03-14,1672641.0,1404365,3077006.0,3,1,0
2017-03-15,1608010.0,1380152,2988162.0,3,2,0
2017-03-16,1513626.0,1349646,2863272.0,3,3,0
2017-03-17,1479569.0,1331302,2810871.0,3,4,0
2017-03-18,1275254.0,1255200,2530454.0,3,5,1
2017-03-19,1175489.0,1168628,2344117.0,3,6,1
2017-03-20,1441530.0,1341520,2783050.0,3,0,0
2017-03-21,1620498.0,1388605,3009103.0,3,1,0
2017-03-22,1801886.0,1444667,3246553.0,3,2,0
2017-03-23,1765079.0,1456658,3221737.0,3,3,0
2017-03-24,1724191.0,1450945,3175136.0,3,4,0
2017-03-25,1283084.0,1274394,2557478.0,3,5,1
2017-03-26,1189957.0,1174738,2364695.0,3,6,1
2017-03-27,1421029.0,1293061,2714090.0,3,0,0
2017-03-28,1415059.0,1288773,2703832.0,3,1,0
2017-03-29,1366594.0,1268350,2634944.0,3,2,0
2017-03-30,1227754.0,1235533,2463287.0,3,3,0
2017-03-31,1063653.0,1203625,2267278.0,3,4,0
2017-04-01,977559.0,1127837,2105396.0,4,5,1
2017-04-02,968132.0,1098427,2066559.0,4,6,1
2017-04-03,1207682.0,1246018,2453700.0,4,0,0
2017-04-04,1234061.0,1257595,2491656.0,4,1,0
2017-04-05,1266552.0,1269013,2535565.0,4,2,0
2017-04-06,1342782.0,1291315,2634097.0,4,3,0
2017-04-07,1313421.0,1273320,2586741.0,4,4,0
2017-04-08,975998.0,1098155,2074153.0,4,5,1
2017-04-09,764052.0,1000576,1764628.0,4,6,1
2017-04-10,978538.0,1156980,2135518.0,4,0,0
2017-04-11,1147677.0,1206765,2354442.0,4,1,0
2017-04-12,1170223.0,1224357,2394580.0,4,2,0
2017-04-13,1152603.0,1226318,2378921.0,4,3,0
2017-04-14,995813.0,1201756,2197569.0,4,4,0
2017-04-15,940388.0,1106024,2046412.0,4,5,1
2017-04-16,914130.0,1043837,1957967.0,4,6,1
2017-04-17,973673.0,1078708,2052381.0,4,0,0
2017-04-18,1361950.0,1270285,2632235.0,4,1,0
2017-04-19,1550932.0,1339455,2890387.0,4,2,0
2017-04-20,1591732.0,1362588,2954320.0,4,3,0
2017-04-21,1452068.0,1322196,2774264.0,4,4,0
2017-04-22,1048223.0,1152748,2200971.0,4,5,1
2017-04-23,960025.0,1072731,2032756.0,4,6,1
2017-04-24,1187734.0,1227586,2415320.0,4,0,0
2017-04-25,1326122.0,1282048,2608170.0,4,1,0
2017-04-26,1570517.0,1372107,2942624.0,4,2,0
2017-04-27,1638665.0,1415492,3054157.0,4,3,0
2017-04-28,1564131.0,1393514,2957645.0,4,4,0
2017-04-29,1182467.0,1203849,2386316.0,4,5,1
2017-04-30,958695.0,1104203,2062898.0,4,6,1
2017-05-01,1044167.0,1109626,2153793.0,5,0,0
2017-05-02,1287773.0,1289229,2577002.0,5,1,0
2017-05-03,1342714.0,1314003,2656717.0,5,2,0
2017-05-04,1308569.0,1300662,2609231.0,5,3,0
2017-05-05,1153760.0,1255768,2409528.0,5,4,0
2017-05-06,944108.0,1128750,2072858.0,5,5,1
2017-05-07,911733.0,1058792,1970525.0,5,6,1
2017-05-08,1059900.0,1091825,2151725.0,5,0,0
2017-05-09,1172966.0,1232731,2405697.0,5,1,0
2017-05-10,1091796.0,1223581,2315377.0,5,2,0
2017-05-11,964153.0,1212070,2176223.0,5,3,0
2017-05-12,911761.0,1187373,2099134.0,5,4,0
2017-05-13,745728.0,1045201,1790929.0,5,5,1
2017-05-14,657981.0,973777,1631758.0,5,6,1
2017-05-15,803169.0,1133782,1936951.0,5,0,0
2017-05-16,750081.0,1142880,1892961.0,5,1,0
2017-05-17,680833.0,1142025,1822858.0,5,2,0
2017-05-18,756082.0,1149555,1905637.0,5,3,0
2017-05-19,830799.0,1146076,1976875.0,5,4,0
2017-05-20,709780.0,1028980,1738760.0,5,5,1
2017-05-21,621071.0,955995,1577066.0,5,6,1
2017-05-22,731050.0,1112877,1843927.0,5,0,0
2017-05-23,704922.0,1132179,1837101.0,5,1,0
2017-05-24,671893.0,1131996,1803889.0,5,2,0
2017-05-25,522158.0,984095,1506253.0,5,3,0
2017-05-26,551223.0,1033259,1584482.0,5,4,0
2017-05-27,490816.0,980791,1471607.0,5,5,1
2017-05-28,467379.0,930256,1397635.0,5,6,1
2017-05-29,644907.0,1117019,1761926.0,5,0,0
2017-05-30,695067.0,1142005,1837072.0,5,1,0
2017-05-31,686404.0,1140777,1827181.0,5,2,0
2017-06-01,694318.0,1148267,1842585.0,6,3,0
2017-06-02,677233.0,1138632,1815865.0,6,4,0
2017-06-03,550323.0,998045,1548368.0,6,5,1
2017-06-04,497345.0,910629,1407974.0,6,6,1
2017-06-05,520316.0,951208,1471524.0,6,0,0
2017-06-06,632011.0,1106750,1738761.0,6,1,0
2017-06-07,655970.0,1125334,1781304.0,6,2,0
2017-06-08,680572.0,1135988,1816560.0,6,3,0
2017-06-09,656589.0,1126890,1783479.0,6,4,0
2017-06-10,525153.0,1002079,1527232.0,6,5,1
2017-06-11,484474.0,942944,1427418.0,6,6,1
2017-06-12,637033.0,1118842,1755875.0,6,0,0
2017-06-13,677828.0,1158600,1836428.0,6,1,0
2017-06-14,696960.0,1170204,1867164.0,6,2,0
2017-06-15,664392.0,1183271,1847663.0,6,3,0
2017-06-16,665722.0,1158354,1824076.0,6,4,0
2017-06-17,513959.0,1027464,1541423.0,6,5,1
2017-06-18,478617.0,968318,1446935.0,6,6,1
2017-06-19,663937.0,1171144,1835081.0,6,0,0
2017-06-20,706939.0,1221021,1927960.0,6,1,0
2017-06-21,681785.0,1235470,1917255.0,6,2,0
2017-06-22,684456.0,1243296,1927752.0,6,3,0
2017-06-23,663193.0,1193106,1856299.0,6,4,0
2017-06-24,485493.0,1042806,1528299.0,6,5,1
2017-06-25,454776.0,964065,1418841.0,6,6,1
2017-06-26,666148.0,1145005,1811153.0,6,0,0
2017-06-27,706847.0,1176032,1882879.0,6,1,0
2017-06-28,693129.0,1147627,1840756.0,6,2,0
2017-06-29,711589.0,1130304,1841893.0,6,3,0
2017-06-30,649868.0,1117933,1767801.0,6,4,0
2017-07-01,578021.0,1000112,1578133.0,7,5,1
2017-07-02,508043.0,938920,1446963.0,7,6,1
2017-07-03,712751.0,1113895,1826646.0,7,0,0
2017-07-04,753919.0,1154780,1908699.0,7,1,0
2017-07-05,749198.0,1173701,1922899.0,7,2,0
2017-07-06,729073.0,1191987,1921060.0,7,3,0
2017-07-07,707277.0,1193470,1900747.0,7,4,0
2017-07-08,575561.0,1054994,1630555.0,7,5,1
2017-07-09,533203.0,966819,1500022.0,7,6,1
2017-07-10,698066.0,1127360,1825426.0,7,0,0
2017-07-11,714764.0,1151732,1866496.0,7,1,0
2017-07-12,714617.0,1168289,1882906.0,7,2,0
2017-07-13,709042.0,1150987,1860029.0,7,3,0
2017-07-14,592800.0,996776,1589576.0,7,4,0
2017-07-15,540493.0,981575,1522068.0,7,5,1
2017-07-16,468995.0,947979,1416974.0,7,6,1
2017-07-17,656478.0,1145443,1801921.0,7,0,0
2017-07-18,697913.0,1192066,1889979.0,7,1,0
2017-07-19,695978.0,1190101,1886079.0,7,2,0
2017-07-20,710090.0,1161228,1871318.0,7,3,0
2017-07-21,692179.0,1135635,1827814.0,7,4,0
2017-07-22,537481.0,1008601,1546082.0,7,5,1
2017-07-23,469849.0,938762,1408611.0,7,6,1
2017-07-24,664948.0,1097076,1762024.0,7,0,0
2017-07-25,684475.0,1122008,1806483.0,7,1,0
2017-07-26,668574.0,1128750,1797324.0,7,2,0
2017-07-27,656025.0,1127775,1783800.0,7,3,0
2017-07-28,603922.0,1105086,1709008.0,7,4,0
2017-07-29,445784.0,990511,1436295.0,7,5,1
2017-07-30,416226.0,923871,1340097.0,7,6,1
2017-07-31,561532.0,1054493,1616025.0,7,0,0
2017-08-01,610370.0,1082273,1692643.0,8,1,0
2017-08-02,587671.0,1093490,1681161.0,8,2,0
2017-08-03,499852.0,1101383,1601235.0,8,3,0
2017-08-04,500447.0,1089297,1589744.0,8,4,0
2017-08-05,433553.0,980990,1414543.0,8,5,1
2017-08-06,405361.0,900412,1305773.0,8,6,1
2017-08-07,516594.0,1008558,1525152.0,8,0,0
2017-08-08,536872.0,1014585,1551457.0,8,1,0
2017-08-09,570850.0,1003503,1574353.0,8,2,0
2017-08-10,596776.0,1002492,1599268.0,8,3,0
2017-08-11,579664.0,997713,1577377.0,8,4,0
2017-08-12,456944.0,922070,1379014.0,8,5,1
2017-08-13,418476.0,871378,1289854.0,8,6,1
2017-08-14,456361.0,957772,1414133.0,8,0,0
2017-08-15,443066.0,914497,1357563.0,8,1,0
2017-08-16,551057.0,1005947,1557004.0,8,2,0
2017-08-17,550251.0,1034154,1584405.0,8,3,0
2017-08-18,567322.0,1038436,1605758.0,8,4,0
2017-08-19,462218.0,946554,1408772.0,8,5,1
2017-08-20,440124.0,892372,1332496.0,8,6,1
2017-08-21,575592.0,1044344,1619936.0,8,0,0
2017-08-22,631275.0,1088207,1719482.0,8,1,0
2017-08-23,660530.0,1098170,1758700.0,8,2,0
2017-08-24,687658.0,1108736,1796394.0,8,3,0
2017-08-25,682992.0,1107566,1790558.0,8,4,0
2017-08-26,577543.0,1003909,1581452.0,8,5,1
2017-08-27,496011.0,942415,1438426.0,8,6,1
2017-08-28,686241.0,1130935,1817176.0,8,0,0
2017-08-29,745889.0,1172366,1918255.0,8,1,0
2017-08-30,775387.0,1167947,1943334.0,8,2,0
2017-08-31,789612.0,1133412,1923024.0,8,3,0
2017-09-01,818585.0,1111167,1929752.0,9,4,0
2017-09-02,614374.0,988878,1603252.0,9,5,1
2017-09-03,530792.0,936854,1467646.0,9,6,1
2017-09-04,764733.0,1108790,1873523.0,9,0,0
2017-09-05,812574.0,1143839,1956413.0,9,1,0
2017-09-06,776029.0,1143804,1919833.0,9,2,0
2017-09-07,778015.0,1140800,1918815.0,9,3,0
2017-09-08,723903.0,1138255,1862158.0,9,4,0
2017-09-09,627457.0,1005188,1632645.0,9,5,1
2017-09-10,588596.0,945660,1534256.0,9,6,1
2017-09-11,721300.0,1122598,1843898.0,9,0,0
2017-09-12,806611.0,1142293,1948904.0,9,1,0
2017-09-13,774056.0,1175893,1949949.0,9,2,0
2017-09-14,826476.0,1176260,2002736.0,9,3,0
2017-09-15,926588.0,1168185,2094773.0,9,4,0
2017-09-16,821640.0,1052590,1874230.0,9,5,1
2017-09-17,787889.0,1011266,1799155.0,9,6,1
2017-09-18,1067990.0,1190142,2258132.0,9,0,0
2017-09-19,1113665.0,1221553,2335218.0,9,1,0
2017-09-20,1125419.0,1223524,2348943.0,9,2,0
2017-09-21,1100394.0,1201699,2302093.0,9,3,0
2017-09-22,1044169.0,1182275,2226444.0,9,4,0
2017-09-23,873550.0,1048018,1921568.0,9,5,1
2017-09-24,737778.0,976529,1714307.0,9,6,1
2017-09-25,959163.0,1150331,2109494.0,9,0,0
2017-09-26,1004334.0,1176119,2180453.0,9,1,0
2017-09-27,1004028.0,1179071,2183099.0,9,2,0
2017-09-28,960501.0,1175822,2136323.0,9,3,0
2017-09-29,924197.0,1156718,2080915.0,9,4,0
2017-09-30,823938.0,1035698,1859636.0,9,5,1
2017-10-01,805361.0,990584,1795945.0,10,6,1
2017-10-02,948668.0,1163684,2112352.0,10,0,0
2017-10-03,1013242.0,1183618,2196860.0,10,1,0
2017-10-04,1128710.0,1200249,2328959.0,10,2,0
2017-10-05,1182342.0,1215551,2397893.0,10,3,0
2017-10-06,1236395.0,1210693,2447088.0,10,4,0
2017-10-07,1188829.0,1108861,2297690.0,10,5,1
2017-10-08,1024093.0,1037324,2061417.0,10,6,1
2017-10-09,1197506.0,1199566,2397072.0,10,0,0
2017-10-10,1198032.0,1216213,2414245.0,10,1,0
2017-10-11,1178324.0,1215033,2393357.0,10,2,0
2017-10-12,1133779.0,1204076,2337855.0,10,3,0
2017-10-13,1127287.0,1183320,2310607.0,10,4,0
2017-10-14,1030837.0,1050123,2080960.0,10,5,1
2017-10-15,860859.0,983031,1843890.0,10,6,1
2017-10-16,1005061.0,1149218,2154279.0,10,0,0
2017-10-17,1088125.0,1180182,2268307.0,10,1,0
2017-10-18,1138137.0,1190119,2328256.0,10,2,0
2017-10-19,1133436.0,1189723,2323159.0,10,3,0
2017-10-20,1157307.0,1190273,2347580.0,10,4,0
2017-10-21,1056505.0,1076765,2133270.0,10,5,1
2017-10-22,1083543.0,1054595,2138138.0,10,6,1
2017-10-23,1346582.0,1253847,2600429.0,10,0,0
2017-10-24,1296553.0,1254228,2550781.0,10,1,0
2017-10-25,1252023.0,1233609,2485632.0,10,2,0
2017-10-26,1271662.0,1239840,2511502.0,10,3,0
2017-10-27,1266402.0,1228396,2494798.0,10,4,0
2017-10-28,1294449.0,1148304,2442753.0,10,5,1
2017-10-29,1254937.0,1112527,2367464.0,10,6,1
2017-10-30,1547874.0,1305500,2853374.0,10,0,0
2017-10-31,1743558.0,1390598,3134156.0,10,1,0
2017-11-01,1625734.0,1255543,2881277.0,11,2,0
2017-11-02,1622157.0,1347380,2969537.0,11,3,0
2017-11-03,1582059.0,1323796,2905855.0,11,4,0
2017-11-04,1393523.0,1198145,2591668.0,11,5,1
2017-11-05,1450329.0,1186813,2637142.0,11,6,1
2017-11-06,1961388.0,1465520,3426908.0,11,0,0
2017-11-07,2153257.0,1563749,3717006.0,11,1,0
2017-11-08,2151294.0,1582215,3733509.0,11,2,0
2017-11-09,2093428.0,1560646,3654074.0,11,3,0
2017-11-10,1968557.0,1520771,3489328.0,11,4,0
2017-11-11,1694429.0,1319317,3013746.0,11,5,1
2017-11-12,1617015.0,1260126,2877141.0,11,6,1
2017-11-13,2106871.0,1540729,3647600.0,11,0,0
2017-11-14,2209385.0,1616402,3825787.0,11,1,0
2017-11-15,2182387.0,1616053,3798440.0,11,2,0
2017-11-16,2200986.0,1616164,3817150.0,11,3,0
2017-11-17,2105513.0,1581310,3686823.0,11,4,0
2017-11-18,2001671.0,1461381,3463052.0,11,5,1
2017-11-19,1964270.0,1401657,3365927.0,11,6,1
2017-11-20,2183679.0,1593017,3776696.0,11,0,0
2017-11-21,2057047.0,1575493,3632540.0,11,1,0
2017-11-22,1923614.0,1519894,3443508.0,11,2,0
2017-11-23,1697742.0,1459568,3157310.0,11,3,0
2017-11-24,1737332.0,1446691,3184023.0,11,4,0
2017-11-25,1840286.0,1380332,3220618.0,11,5,1
2017-11-26,2056375.0,1447155,3503530.0,11,6,1
2017-11-27,2286970.0,1658015,3944985.0,11,0,0
2017-11-28,2258675.0,1677344,3936019.0,11,1,0
2017-11-29,2421466.0,1721123,4142589.0,11,2,0
2017-11-30,2534820.0,1789486,4324306.0,11,3,0
2017-12-01,2598653.0,1821270,4419923.0,12,4,0
2017-12-02,2559193.0,1739917,4299110.0,12,5,1
2017-12-03,2528725.0,1704486,4233211.0,12,6,1
2017-12-04,2531069.0,1785772,4316841.0,12,0,0
2017-12-05,2477069.0,1770204,4247273.0,12,1,0
2017-12-06,2487039.0,1781435,4268474.0,12,2,0
2017-12-07,2505426.0,1803987,4309413.0,12,3,0
2017-12-08,2431687.0,1742884,4174571.0,12,4,0
2017-12-09,2481176.0,1683879,4165055.0,12,5,1
2017-12-10,2178024.0,1592600,3770624.0,12,6,1
2017-12-11,2241911.0,1690958,3932869.0,12,0,0
2017-12-12,2504986.0,1773449,4278435.0,12,1,0
2017-12-13,2447495.0,1800586,4248081.0,12,2,0
2017-12-14,2300409.0,1730193,4030602.0,12,3,0
2017-12-15,2358670.0,1725457,4084127.0,12,4,0
2017-12-16,2280552.0,1632515,3913067.0,12,5,1
2017-12-17,2307903.0,1613655,3921558.0,12,6,1
2017-12-18,2392147.0,1744894,4137041.0,12,0,0
2017-12-19,2523558.0,1801364,4324922.0,12,1,0
2017-12-20,2413604.0,1783556,4197160.0,12,2,0
2017-12-21,2176950.0,1692497,3869447.0,12,3,0
2017-12-22,1985420.0,1596937,3582357.0,12,4,0
2017-12-23,1777438.0,1432776,3210214.0,12,5,1
2017-12-24,1691795.0,1397643,3089438.0,12,6,1
2017-12-25,1753361.0,1393535,3146896.0,12,0,0
2017-12-26,1848940.0,1513543,3362483.0,12,1,0
2017-12-27,1994340.0,1577464,3571804.0,12,2,0
2017-12-28,2238736.0,1661563,3900299.0,12,3,0
2017-12-29,2165945.0,1668071,3834016.0,12,4,0
2017-12-30,1606588.0,1438843,3045431.0,12,5,1
2017-12-31,1450929.0,1332597,2783526.0,12,6,1
2018-01-01,1647237.0,1350748,2997985.0,1,0,0
2018-01-02,1817675.0,1513264,3330939.0,1,1,0
2018-01-03,1731327.0,1529981,3261308.0,1,2,0
2018-01-04,1658696.0,1516338,3175034.0,1,3,0
2018-01-05,1707482.0,1494808,3202290.0,1,4,0
2018-01-06,1677258.0,1421446,3098704.0,1,5,1
2018-01-07,1759963.0,1409763,3169726.0,1,6,1
2018-01-08,2087376.0,1610795,3698171.0,1,0,0
2018-01-09,2139193.0,1648110,3787303.0,1,1,0
2018-01-10,2062735.0,1617086,3679821.0,1,2,0
2018-01-11,2154602.0,1643789,3798391.0,1,3,0
2018-01-12,2205343.0,1676162,3881505.0,1,4,0
2018-01-13,2023376.0,1583594,3606970.0,1,5,1
2018-01-14,1999792.0,1527239,3527031.0,1,6,1
2018-01-15,2201136.0,1694816,3895952.0,1,0,0
2018-01-16,1972189.0,1644487,3616676.0,1,1,0
2018-01-17,2154517.0,1690256,3844773.0,1,2,0
2018-01-18,2019345.0,1671256,3690601.0,1,3,0
2018-01-19,2109583.0,1650904,3760487.0,1,4,0
2018-01-20,1892693.0,1547861,3440554.0,1,5,1
2018-01-21,1752722.0,1424076,3176798.0,1,6,1
2018-01-22,1854107.0,1541642,3395749.0,1,0,0
2018-01-23,1841800.0,1557447,3399247.0,1,1,0
2018-01-24,1664742.0,1529204,3193946.0,1,2,0
2018-01-25,1812811.0,1561595,3374406.0,1,3,0
2018-01-26,2068552.0,1606405,3674957.0,1,4,0
2018-01-27,1907331.0,1532002,3439333.0,1,5,1
2018-01-28,1740413.0,1440495,3180908.0,1,6,1
2018-01-29,1878898.0,1579004,3457902.0,1,0,0
2018-01-30,1935761.0,1590235,3525996.0,1,1,0
2018-01-31,1878829.0,1618004,3496833.0,1,2,0
2018-02-01,2215399.0,1683668,3899067.0,2,3,0
2018-02-02,2339985.0,1738986,4078971.0,2,4,0
2018-02-03,2205449.0,1621342,3826791.0,2,5,1
2018-02-04,2118101.0,1591492,3709593.0,2,6,1
2018-02-05,2667708.0,1852115,4519823.0,2,0,0
2018-02-06,2744344.0,1888040,4632384.0,2,1,0
2018-02-07,2838477.0,1920017,4758494.0,2,2,0
2018-02-08,2818328.0,1925012,4743340.0,2,3,0
2018-02-09,2795727.0,1916382,4712109.0,2,4,0
2018-02-10,2382709.0,1737587,4120296.0,2,5,1
2018-02-11,2103193.0,1611678,3714871.0,2,6,1
2018-02-12,2543807.0,1783207,4327014.0,2,0,0
2018-02-13,2688279.0,1895453,4583732.0,2,1,0
2018-02-14,2598217.0,1873415,4471632.0,2,2,0
2018-02-15,2200112.0,1726085,3926197.0,2,3,0
2018-02-16,2108499.0,1651113,3759612.0,2,4,0
2018-02-17,1978277.0,1509899,3488176.0,2,5,1
2018-02-18,1997408.0,1497299,3494707.0,2,6,1
2018-02-19,2322101.0,1691323,4013424.0,2,0,0
2018-02-20,2300633.0,1689029,3989662.0,2,1,0
2018-02-21,2484252.0,1753742,4237994.0,2,2,0
2018-02-22,2648932.0,1845095,4494027.0,2,3,0
2018-02-23,2683537.0,1865358,4548895.0,2,4,0
2018-02-24,2360259.0,1736993,4097252.0,2,5,1
2018-02-25,2329930.0,1685942,4015872.0,2,6,1
2018-02-26,2952748.0,1885583,4838331.0,2,0,0
2018-02-27,3225591.0,1725854,4951445.0,2,1,0
2018-02-28,3281678.0,1572298,4853976.0,2,2,0
2018-03-01,2936293.0,1838194,4774487.0,3,3,0
2018-03-02,2369897.0,1846466,4216363.0,3,4,0
2018-03-03,1976753.0,1608031,3584784.0,3,5,1
2018-03-04,1838038.0,1489643,3327681.0,3,6,1
2018-03-05,1983563.0,1613276,3596839.0,3,0,0
2018-03-06,2002759.0,1605964,3608723.0,3,1,0
2018-03-07,2095461.0,1628939,3724400.0,3,2,0
2018-03-08,2017896.0,1627292,3645188.0,3,3,0
2018-03-09,1837242.0,1542490,3379732.0,3,4,0
2018-03-10,1328787.0,1329312,2658099.0,3,5,1
2018-03-11,1224865.0,1222550,2447415.0,3,6,1
2018-03-12,1521921.0,1440130,2962051.0,3,0,0
2018-03-13,1648186.0,1497877,3146063.0,3,1,0
2018-03-14,1656604.0,1498429,3155033.0,3,2,0
2018-03-15,1620298.0,1487798,3108096.0,3,3,0
2018-03-16,1598914.0,1468485,3067399.0,3,4,0
2018-03-17,1785666.0,1433366,3219032.0,3,5,1
2018-03-18,1989811.0,1480509,3470320.0,3,6,1
2018-03-19,2458555.0,1735130,4193685.0,3,0,0
2018-03-20,2495808.0,1783997,4279805.0,3,1,0
2018-03-21,2431423.0,1759984,4191407.0,3,2,0
2018-03-22,2388214.0,1730157,4118371.0,3,3,0
2018-03-23,2201374.0,1658191,3859565.0,3,4,0
2018-03-24,1843861.0,1448478,3292339.0,3,5,1
2018-03-25,1511177.0,1337854,2849031.0,3,6,1
2018-03-26,1840973.0,1488593,3329566.0,3,0,0
2018-03-27,1915102.0,1539805,3454907.0,3,1,0
2018-03-28,1825319.0,1505506,3330825.0,3,2,0
2018-03-29,1869364.0,1514551,3383915.0,3,3,0
2018-03-30,1739754.0,1515627,3255381.0,3,4,0
2018-03-31,1557505.0,1398123,2955628.0,3,5,1
2018-04-01,1406920.0,1317535,2724455.0,4,6,1
2018-04-02,1329834.0,1289394,2619228.0,4,0,0
2018-04-03,1316141.0,1386724,2702865.0,4,1,0
2018-04-04,1323309.0,1395635,2718944.0,4,2,0
2018-04-05,1453757.0,1406242,2859999.0,4,3,0
2018-04-06,1281904.0,1360642,2642546.0,4,4,0
2018-04-07,976019.0,1166875,2142894.0,4,5,1
2018-04-08,909394.0,1087203,1996597.0,4,6,1
2018-04-09,1153867.0,1269232,2423099.0,4,0,0
2018-04-10,1224844.0,1323551,2548395.0,4,1,0
2018-04-11,1225536.0,1346585,2572121.0,4,2,0
2018-04-12,1271862.0,1344060,2615922.0,4,3,0
2018-04-13,1199549.0,1305197,2504746.0,4,4,0
2018-04-14,986705.0,1165499,2152204.0,4,5,1
2018-04-15,903552.0,1086322,1989874.0,4,6,1
2018-04-16,1046608.0,1230467,2277075.0,4,0,0
2018-04-17,998307.0,1226776,2225083.0,4,1,0
2018-04-18,819005.0,1164000,1983005.0,4,2,0
2018-04-19,756483.0,1135382,1891865.0,4,3,0
2018-04-20,697689.0,1134093,1831782.0,4,4,0
2018-04-21,597771.0,1004327,1602098.0,4,5,1
2018-04-22,566169.0,936426,1502595.0,4,6,1
2018-04-23,701141.0,1089863,1791004.0,4,0,0
2018-04-24,763784.0,1124290,1888074.0,4,1,0
2018-04-25,792572.0,1144843,1937415.0,4,2,0
2018-04-26,868975.0,1165586,2034561.0,4,3,0
2018-04-27,871343.0,1166582,2037925.0,4,4,0
2018-04-28,788139.0,1046654,1834793.0,4,5,1
2018-04-29,845074.0,1028098,1873172.0,4,6,1
2018-04-30,1101436.0,1213153,2314589.0,4,0,0
2018-05-01,1027322.0,1099782,2127104.0,5,1,0
2018-05-02,1078366.0,1256661,2335027.0,5,2,0
2018-05-03,1026120.0,1243144,2269264.0,5,3,0
2018-05-04,937643.0,1207432,2145075.0,5,4,0
2018-05-05,713695.0,1050904,1764599.0,5,5,1
2018-05-06,590992.0,954342,1545334.0,5,6,1
2018-05-07,594030.0,1057523,1651553.0,5,0,0
2018-05-08,575098.0,979781,1554879.0,5,1,0
2018-05-09,622601.0,1054536,1677137.0,5,2,0
2018-05-10,626637.0,986555,1613192.0,5,3,0
2018-05-11,676568.0,1059332,1735900.0,5,4,0
2018-05-12,619345.0,1006192,1625537.0,5,5,1
2018-05-13,726377.0,997492,1723869.0,5,6,1
2018-05-14,925916.0,1210679,2136595.0,5,0,0
2018-05-15,898371.0,1224595,2122966.0,5,1,0
2018-05-16,829595.0,1190329,2019924.0,5,2,0
2018-05-17,818925.0,1177801,1996726.0,5,3,0
2018-05-18,767623.0,1149376,1916999.0,5,4,0
2018-05-19,652568.0,1017123,1669691.0,5,5,1
2018-05-20,587207.0,944250,1531457.0,5,6,1
2018-05-21,572400.0,976915,1549315.0,5,0,0
2018-05-22,653509.0,1117432,1770941.0,5,1,0
2018-05-23,696464.0,1129054,1825518.0,5,2,0
2018-05-24,671424.0,1134944,1806368.0,5,3,0
2018-05-25,645165.0,1133529,1778694.0,5,4,0
2018-05-26,536170.0,999629,1535799.0,5,5,1
2018-05-27,494746.0,933556,1428302.0,5,6,1
2018-05-28,614731.0,1100825,1715556.0,5,0,0
2018-05-29,638361.0,1122290,1760651.0,5,1,0
2018-05-30,669265.0,1135959,1805224.0,5,2,0
2018-05-31,633645.0,1136216,1769861.0,5,3,0
2018-06-01,609924.0,1121571,1731495.0,6,4,0
2018-06-02,525851.0,988918,1514769.0,6,5,1
2018-06-03,493696.0,923911,1417607.0,6,6,1
2018-06-04,607090.0,1101585,1708675.0,6,0,0
2018-06-05,644301.0,1130785,1775086.0,6,1,0
2018-06-06,666814.0,1137263,1804077.0,6,2,0
2018-06-07,671713.0,1130408,1802121.0,6,3,0
2018-06-08,656451.0,1121189,1777640.0,6,4,0
2018-06-09,509657.0,1000634,1510291.0,6,5,1
2018-06-10,483973.0,936969,1420942.0,6,6,1
2018-06-11,627087.0,1109478,1736565.0,6,0,0
2018-06-12,659234.0,1122827,1782061.0,6,1,0
2018-06-13,666555.0,1117416,1783971.0,6,2,0
2018-06-14,647610.0,1127641,1775251.0,6,3,0
2018-06-15,641676.0,1120655,1762331.0,6,4,0
2018-06-16,525010.0,991483,1516493.0,6,5,1
2018-06-17,497528.0,922543,1420071.0,6,6,1
2018-06-18,605601.0,1094250,1699851.0,6,0,0
2018-06-19,662138.0,1137870,1800008.0,6,1,0
2018-06-20,643126.0,1159537,1802663.0,6,2,0
2018-06-21,624102.0,1149633,1773735.0,6,3,0
2018-06-22,623997.0,1109908,1733905.0,6,4,0
2018-06-23,549516.0,982976,1532492.0,6,5,1
2018-06-24,522095.0,925722,1447817.0,6,6,1
2018-06-25,654924.0,1103057,1757981.0,6,0,0
2018-06-26,674746.0,1144490,1819236.0,6,1,0
2018-06-27,660756.0,1153059,1813815.0,6,2,0
2018-06-28,666868.0,1154495,1821363.0,6,3,0
2018-06-29,626076.0,1151316,1777392.0,6,4,0
2018-06-30,532606.0,1043539,1576145.0,6,5,1
2018-07-01,477130.0,978375,1455505.0,7,6,1
2018-07-02,666789.0,1147371,1814160.0,7,0,0
2018-07-03,738882.0,1182800,1921682.0,7,1,0
2018-07-04,758000.0,1181666,1939666.0,7,2,0
2018-07-05,752654.0,1158912,1911566.0,7,3,0
2018-07-06,718216.0,1145089,1863305.0,7,4,0
2018-07-07,534299.0,1029436,1563735.0,7,5,1
2018-07-08,492587.0,970300,1462887.0,7,6,1
2018-07-09,668631.0,1146147,1814778.0,7,0,0
2018-07-10,714378.0,1171147,1885525.0,7,1,0
2018-07-11,718727.0,1159212,1877939.0,7,2,0
2018-07-12,717827.0,1165618,1883445.0,7,3,0
2018-07-13,690965.0,1163063,1854028.0,7,4,0
2018-07-14,539315.0,1014535,1553850.0,7,5,1
2018-07-15,492375.0,963718,1456093.0,7,6,1
2018-07-16,665693.0,1120546,1786239.0,7,0,0
2018-07-17,699064.0,1156244,1855308.0,7,1,0
2018-07-18,666066.0,1167853,1833919.0,7,2,0
2018-07-19,665101.0,1175665,1840766.0,7,3,0
2018-07-20,700203.0,1148935,1849138.0,7,4,0
2018-07-21,538798.0,1005887,1544685.0,7,5,1
2018-07-22,499954.0,945487,1445441.0,7,6,1
2018-07-23,680732.0,1126276,1807008.0,7,0,0
2018-07-24,728249.0,1170728,1898977.0,7,1,0
2018-07-25,711677.0,1187400,1899077.0,7,2,0
2018-07-26,699053.0,1197123,1896176.0,7,3,0
2018-07-27,671061.0,1171777,1842838.0,7,4,0
2018-07-28,487408.0,1014626,1502034.0,7,5,1
2018-07-29,459135.0,952333,1411468.0,7,6,1
2018-07-30,620105.0,1103652,1723757.0,7,0,0
2018-07-31,649948.0,1139642,1789590.0,7,1,0
2018-08-01,644647.0,1142051,1786698.0,8,2,0
2018-08-02,640037.0,1149891,1789928.0,8,3,0
2018-08-03,614841.0,1144955,1759796.0,8,4,0
2018-08-04,503818.0,1037412,1541230.0,8,5,1
2018-08-05,455403.0,972545,1427948.0,8,6,1
2018-08-06,577849.0,1087328,1665177.0,8,0,0
2018-08-07,591672.0,1100933,1692605.0,8,1,0
2018-08-08,578975.0,1070829,1649804.0,8,2,0
2018-08-09,560652.0,1038714,1599366.0,8,3,0
2018-08-10,524710.0,1010002,1534712.0,8,4,0
2018-08-11,468644.0,936295,1404939.0,8,5,1
2018-08-12,430118.0,887095,1317213.0,8,6,1
2018-08-13,564695.0,985437,1550132.0,8,0,0
2018-08-14,574812.0,1001254,1576066.0,8,1,0
2018-08-15,523810.0,929751,1453561.0,8,2,0
2018-08-16,573479.0,1016597,1590076.0,8,3,0
2018-08-17,589271.0,1012712,1601983.0,8,4,0
2018-08-18,489469.0,943900,1433369.0,8,5,1
2018-08-19,444405.0,906556,1350961.0,8,6,1
2018-08-20,595962.0,1049684,1645646.0,8,0,0
2018-08-21,649704.0,1091341,1741045.0,8,1,0
2018-08-22,646658.0,1104507,1751165.0,8,2,0
2018-08-23,638464.0,1102271,1740735.0,8,3,0
2018-08-24,646309.0,1071215,1717524.0,8,4,0
2018-08-25,574877.0,959589,1534466.0,8,5,1
2018-08-26,508507.0,905588,1414095.0,8,6,1
2018-08-27,650064.0,1071784,1721848.0,8,0,0
2018-08-28,731407.0,1120181,1851588.0,8,1,0
2018-08-29,744206.0,1123441,1867647.0,8,2,0
2018-08-30,763553.0,1118790,1882343.0,8,3,0
2018-08-31,741969.0,1108227,1850196.0,8,4,0
2018-09-01,606026.0,987252,1593278.0,9,5,1
2018-09-02,538942.0,931372,1470314.0,9,6,1
2018-09-03,744932.0,1093625,1838557.0,9,0,0
2018-09-04,770258.0,1131896,1902154.0,9,1,0
2018-09-05,780054.0,1140282,1920336.0,9,2,0
2018-09-06,782926.0,1137780,1920706.0,9,3,0
2018-09-07,737779.0,1122842,1860621.0,9,4,0
2018-09-08,571144.0,993360,1564504.0,9,5,1
2018-09-09,522880.0,938995,1461875.0,9,6,1
2018-09-10,714199.0,1107543,1821742.0,9,0,0
2018-09-11,737842.0,1147889,1885731.0,9,1,0
2018-09-12,742752.0,1153185,1895937.0,9,2,0
2018-09-13,759264.0,1149664,1908928.0,9,3,0
2018-09-14,770699.0,1128427,1899126.0,9,4,0
2018-09-15,608066.0,999711,1607777.0,9,5,1
2018-09-16,552452.0,942146,1494598.0,9,6,1
2018-09-17,766292.0,1114833,1881125.0,9,0,0
2018-09-18,742054.0,1141257,1883311.0,9,1,0
2018-09-19,731023.0,1148377,1879400.0,9,2,0
2018-09-20,756477.0,1147072,1903549.0,9,3,0
2018-09-21,730438.0,1131974,1862412.0,9,4,0
2018-09-22,668487.0,998066,1666553.0,9,5,1
2018-09-23,585117.0,956519,1541636.0,9,6,1
2018-09-24,798259.0,1114738,1912997.0,9,0,0
2018-09-25,866969.0,1153477,2020446.0,9,1,0
2018-09-26,899309.0,1167224,2066533.0,9,2,0
2018-09-27,871638.0,1163549,2035187.0,9,3,0
2018-09-28,814609.0,1141731,1956340.0,9,4,0
2018-09-29,746167.0,1021876,1768043.0,9,5,1
2018-09-30,722240.0,977938,1700178.0,9,6,1
2018-10-01,964828.0,1154074,2118902.0,10,0,0
2018-10-02,1082004.0,1215655,2297659.0,10,1,0
2018-10-03,1037474.0,1197812,2235286.0,10,2,0
2018-10-04,1040141.0,1184481,2224622.0,10,3,0
2018-10-05,990602.0,1166236,2156838.0,10,4,0
2018-10-06,753603.0,1025224,1778827.0,10,5,1
2018-10-07,762185.0,988549,1750734.0,10,6,1
2018-10-08,1040646.0,1164669,2205315.0,10,0,0
2018-10-09,1053982.0,1183719,2237701.0,10,1,0
2018-10-10,1029105.0,1175741,2204846.0,10,2,0
2018-10-11,955576.0,1165262,2120838.0,10,3,0
2018-10-12,937833.0,1149956,2087789.0,10,4,0
2018-10-13,743551.0,1014360,1757911.0,10,5,1
2018-10-14,628532.0,958319,1586851.0,10,6,1
2018-10-15,888022.0,1124381,2012403.0,10,0,0
2018-10-16,979580.0,1157889,2137469.0,10,1,0
2018-10-17,1014569.0,1168032,2182601.0,10,2,0
2018-10-18,1021876.0,1168471,2190347.0,10,3,0
2018-10-19,1051902.0,1164417,2216319.0,10,4,0
2018-10-20,1002755.0,1048135,2050890.0,10,5,1
2018-10-21,877996.0,1009909,1887905.0,10,6,1
2018-10-22,1161855.0,1200807,2362662.0,10,0,0
2018-10-23,1293620.0,1257531,2551151.0,10,1,0
2018-10-24,1258614.0,1258655,2517269.0,10,2,0
2018-10-25,1249127.0,1240867,2489994.0,10,3,0
2018-10-26,1379481.0,1270459,2649940.0,10,4,0
2018-10-27,1492930.0,1216969,2709899.0,10,5,1
2018-10-28,1548067.0,1264361,2812428.0,10,6,1
2018-10-29,1939149.0,1522266,3461415.0,10,0,0
2018-10-30,1935922.0,1541273,3477195.0,10,1,0
2018-10-31,1859060.0,1497590,3356650.0,10,2,0
2018-11-01,1575509.0,1291163,2866672.0,11,3,0
2018-11-02,1728778.0,1359573,3088351.0,11,4,0
2018-11-03,1788282.0,1341686,3129968.0,11,5,1
2018-11-04,1679909.0,1275086,2954995.0,11,6,1
2018-11-05,1642716.0,1373968,3016684.0,11,0,0
2018-11-06,1585433.0,1371524,2956957.0,11,1,0
2018-11-07,1659078.0,1412052,3071130.0,11,2,0
2018-11-08,1770966.0,1432267,3203233.0,11,3,0
2018-11-09,1682021.0,1401855,3083876.0,11,4,0
2018-11-10,1342576.0,1250142,2592718.0,11,5,1
2018-11-11,1246622.0,1173200,2419822.0,11,6,1
2018-11-12,1516095.0,1330729,2846824.0,11,0,0
2018-11-13,1586657.0,1359441,2946098.0,11,1,0
2018-11-14,1698557.0,1393091,3091648.0,11,2,0
2018-11-15,1722741.0,1398171,3120912.0,11,3,0
2018-11-16,1819534.0,1420671,3240205.0,11,4,0
2018-11-17,1733616.0,1351297,3084913.0,11,5,1
2018-11-18,1793652.0,1360969,3154621.0,11,6,1
2018-11-19,2324723.0,1642506,3967229.0,11,0,0
2018-11-20,2452610.0,1722913,4175523.0,11,1,0
2018-11-21,2462665.0,1723042,4185707.0,11,2,0
2018-11-22,2365305.0,1691234,4056539.0,11,3,0
2018-11-23,2239381.0,1641663,3881044.0,11,4,0
2018-11-24,1961672.0,1449476,3411148.0,11,5,1
2018-11-25,1933559.0,1416809,3350368.0,11,6,1
2018-11-26,2218256.0,1611903,3830159.0,11,0,0
2018-11-27,2234883.0,1646904,3881787.0,11,1,0
2018-11-28,2070127.0,1599079,3669206.0,11,2,0
2018-11-29,1913939.0,1542763,3456702.0,11,3,0
2018-11-30,1880308.0,1514616,3394924.0,11,4,0
2018-12-01,1819444.0,1407019,3226463.0,12,5,1
2018-12-02,1408476.0,1300682,2709158.0,12,6,1
2018-12-03,1571052.0,1410846,2981898.0,12,0,0
2018-12-04,1732323.0,1436695,3169018.0,12,1,0
2018-12-05,1830783.0,1482955,3313738.0,12,2,0
2018-12-06,1716741.0,1453324,3170065.0,12,3,0
2018-12-07,1664598.0,1457752,3122350.0,12,4,0
2018-12-08,1605062.0,1391602,2996664.0,12,5,1
2018-12-09,1560795.0,1329564,2890359.0,12,6,1
2018-12-10,1996170.0,1534162,3530332.0,12,0,0
2018-12-11,2243200.0,1637436,3880636.0,12,1,0
2018-12-12,2485139.0,1722125,4207264.0,12,2,0
2018-12-13,2595919.0,1801008,4396927.0,12,3,0
2018-12-14,2703237.0,1829770,4533007.0,12,4,0
2018-12-15,2543769.0,1722030,4265799.0,12,5,1
2018-12-16,2116466.0,1564506,3680972.0,12,6,1
2018-12-17,2262208.0,1659317,3921525.0,12,0,0
2018-12-18,2299369.0,1697326,3996695.0,12,1,0
2018-12-19,2112603.0,1634796,3747399.0,12,2,0
2018-12-20,2073089.0,1618034,3691123.0,12,3,0
2018-12-21,1765586.0,1541948,3307534.0,12,4,0
2018-12-22,1476462.0,1341541,2818003.0,12,5,1
2018-12-23,1398437.0,1275820,2674257.0,12,6,1
2018-12-24,1488990.0,1302832,2791822.0,12,0,0
2018-12-25,1722624.0,1308604,3031228.0,12,1,0
2018-12-26,2102944.0,1563068,3666012.0,12,2,0
2018-12-27,2332854.0,1649963,3982817.0,12,3,0
2018-12-28,2323347.0,1641019,3964366.0,12,4,0
2018-12-29,2025219.0,1566879,3592098.0,12,5,1
2018-12-30,1838465.0,1477533,3315998.0,12,6,1
2018-12-31,1895541.0,1497406,3392947.0,12,0,0
2019-01-01,1714025.0,1402882,3116907.0,1,1,0
2019-01-02,2145146.0,1584944,3730090.0,1,2,0
2019-01-03,2414428.0,1737004,4151432.0,1,3,0
2019-01-04,2514816.0,1800018,4314834.0,1,4,0
2019-01-05,2385604.0,1692911,4078515.0,1,5,1
2019-01-06,2276394.0,1624626,3901020.0,1,6,1
2019-01-07,2392370.0,1763684,4156054.0,1,0,0
2019-01-08,2286103.0,1739953,4026056.0,1,1,0
2019-01-09,2444868.0,1777107,4221975.0,1,2,0
2019-01-10,2635008.0,1859246,4494254.0,1,3,0
2019-01-11,2548468.0,1836967,4385435.0,1,4,0
2019-01-12,2173551.0,1645919,3819470.0,1,5,1
2019-01-13,1788010.0,1493136,3281146.0,1,6,1
2019-01-14,2106197.0,1632432,3738629.0,1,0,0
2019-01-15,2253727.0,1693602,3947329.0,1,1,0
2019-01-16,2355534.0,1750385,4105919.0,1,2,0
2019-01-17,2295306.0,1712451,4007757.0,1,3,0
2019-01-18,2542901.0,1799089,4341990.0,1,4,0
2019-01-19,2469032.0,1693532,4162564.0,1,5,1
2019-01-20,2361141.0,1614172,3975313.0,1,6,1
2019-01-21,2706055.0,1841580,4547635.0,1,0,0
2019-01-22,2767382.0,1904823,4672205.0,1,1,0
2019-01-23,2721698.0,1886992,4608690.0,1,2,0
2019-01-24,2792409.0,1927066,4719475.0,1,3,0
2019-01-25,2627847.0,1860510,4488357.0,1,4,0
2019-01-26,2168425.0,1621100,3789525.0,1,5,1
2019-01-27,1956529.0,1546179,3502708.0,1,6,1
2019-01-28,2437496.0,1771149,4208645.0,1,0,0
2019-01-29,2601075.0,1839813,4440888.0,1,1,0
2019-01-30,2604766.0,1852720,4457486.0,1,2,0
2019-01-31,2629111.0,1879604,4508715.0,1,3,0
2019-02-01,2366026.0,1775496,4141522.0,2,4,0
2019-02-02,2280066.0,1663139,3943205.0,2,5,1
2019-02-03,2270859.0,1648285,3919144.0,2,6,1
2019-02-04,2665868.0,1875426,4541294.0,2,0,0
2019-02-05,2493896.0,1807427,4301323.0,2,1,0
2019-02-06,2324907.0,1736578,4061485.0,2,2,0
2019-02-07,2159861.0,1692931,3852792.0,2,3,0
2019-02-08,2036067.0,1677451,3713518.0,2,4,0
2019-02-09,1690798.0,1503908,3194706.0,2,5,1
2019-02-10,1700913.0,1447475,3148388.0,2,6,1
2019-02-11,2202388.0,1671793,3874181.0,2,0,0
2019-02-12,2363536.0,1721387,4084923.0,2,1,0
2019-02-13,2370908.0,1723613,4094521.0,2,2,0
2019-02-14,2266922.0,1679959,3946881.0,2,3,0
2019-02-15,2131932.0,1606405,3738337.0,2,4,0
2019-02-16,1770413.0,1445451,3215864.0,2,5,1
2019-02-17,1561557.0,1352149,2913706.0,2,6,1
2019-02-18,1889854.0,1512650,3402504.0,2,0,0
2019-02-19,1966996.0,1551577,3518573.0,2,1,0
2019-02-20,2024335.0,1572386,3596721.0,2,2,0
2019-02-21,1928223.0,1544676,3472899.0,2,3,0
2019-02-22,1845434.0,1491992,3337426.0,2,4,0
2019-02-23,1479632.0,1324484,2804116.0,2,5,1
2019-02-24,1531899.0,1289001,2820900.0,2,6,1
2019-02-25,1805521.0,1450351,3255872.0,2,0,0
2019-02-26,1759943.0,1435941,3195884.0,2,1,0
2019-02-27,1667281.0,1410517,3077798.0,2,2,0
2019-02-28,1513988.0,1419294,2933282.0,2,3,0
2019-03-01,1677562.0,1423687,3101249.0,3,4,0
2019-03-02,1441218.0,1311880,2753098.0,3,5,1
2019-03-03,1342707.0,1246865,2589572.0,3,6,1
2019-03-04,1589668.0,1443968,3033636.0,3,0,0
2019-03-05,1697591.0,1485783,3183374.0,3,1,0
2019-03-06,1599460.0,1480957,3080417.0,3,2,0
2019-03-07,1594492.0,1465913,3060405.0,3,3,0
2019-03-08,1647426.0,1473430,3120856.0,3,4,0
2019-03-09,1399773.0,1323608,2723381.0,3,5,1
2019-03-10,1321017.0,1229675,2550692.0,3,6,1
2019-03-11,1751833.0,1464690,3216523.0,3,0,0
2019-03-12,1796520.0,1532769,3329289.0,3,1,0
2019-03-13,1776307.0,1541817,3318124.0,3,2,0
2019-03-14,1791608.0,1563219,3354827.0,3,3,0
2019-03-15,1575825.0,1477962,3053787.0,3,4,0
2019-03-16,1347019.0,1284294,2631313.0,3,5,1
2019-03-17,1437681.0,1260708,2698389.0,3,6,1
2019-03-18,1872750.0,1494277,3367027.0,3,0,0
2019-03-19,1960051.0,1508266,3468317.0,3,1,0
2019-03-20,1887554.0,1488789,3376343.0,3,2,0
2019-03-21,1740604.0,1441288,3181892.0,3,3,0
2019-03-22,1659405.0,1385751,3045156.0,3,4,0
2019-03-23,1331196.0,1235374,2566570.0,3,5,1
2019-03-24,1269546.0,1170960,2440506.0,3,6,1
2019-03-25,1570870.0,1367997,2938867.0,3,0,0
2019-03-26,1679011.0,1414433,3093444.0,3,1,0
2019-03-27,1733296.0,1412010,3145306.0,3,2,0
2019-03-28,1707581.0,1385686,3093267.0,3,3,0
2019-03-29,1522584.0,1335930,2858514.0,3,4,0
2019-03-30,1180055.0,1174074,2354129.0,3,5,1
2019-03-31,1075622.0,1109849,2185471.0,3,6,1
2019-04-01,1187717.0,1251387,2439104.0,4,0,0
2019-04-02,1221293.0,1294738,2516031.0,4,1,0
2019-04-03,1646826.0,1413924,3060750.0,4,2,0
2019-04-04,1787792.0,1471856,3259648.0,4,3,0
2019-04-05,1713644.0,1441551,3155195.0,4,4,0
2019-04-06,1351720.0,1294594,2646314.0,4,5,1
2019-04-07,1185853.0,1218429,2404282.0,4,6,1
2019-04-08,1434409.0,1358216,2792625.0,4,0,0
2019-04-09,1407865.0,1357278,2765143.0,4,1,0
2019-04-10,1412896.0,1363820,2776716.0,4,2,0
2019-04-11,1449611.0,1371669,2821280.0,4,3,0
2019-04-12,1623538.0,1373083,2996621.0,4,4,0
2019-04-13,1447068.0,1275521,2722589.0,4,5,1
2019-04-14,1467644.0,1253363,2721007.0,4,6,1
2019-04-15,1577967.0,1378531,2956498.0,4,0,0
2019-04-16,1444694.0,1349650,2794344.0,4,1,0
2019-04-17,1333756.0,1305223,2638979.0,4,2,0
2019-04-18,1084170.0,1236382,2320552.0,4,3,0
2019-04-19,866572.0,1174887,2041459.0,4,4,0
2019-04-20,711117.0,1039048,1750165.0,4,5,1
2019-04-21,659913.0,973094,1633007.0,4,6,1
2019-04-22,672877.0,987099,1659976.0,4,0,0
2019-04-23,764115.0,1148075,1912190.0,4,1,0
2019-04-24,851614.0,1181545,2033159.0,4,2,0
2019-04-25,973703.0,1221581,2195284.0,4,3,0
2019-04-26,1090539.0,1230017,2320556.0,4,4,0
2019-04-27,985637.0,1123637,2109274.0,4,5,1
2019-04-28,1073244.0,1112987,2186231.0,4,6,1
2019-04-29,1271895.0,1252570,2524465.0,4,0,0
2019-04-30,1219136.0,1230350,2449486.0,4,1,0
2019-05-01,876318.0,1031674,1907992.0,5,2,0
2019-05-02,1069867.0,1195169,2265036.0,5,3,0
2019-05-03,1185068.0,1226709,2411777.0,5,4,0
2019-05-04,1149923.0,1167882,2317805.0,5,5,1
2019-05-05,1233607.0,1174544,2408151.0,5,6,1
2019-05-06,1454000.0,1323437,2777437.0,5,0,0
2019-05-07,1317247.0,1289262,2606509.0,5,1,0
2019-05-08,1065623.0,1137003,2202626.0,5,2,0
2019-05-09,1230514.0,1251787,2482301.0,5,3,0
2019-05-10,1194990.0,1238249,2433239.0,5,4,0
2019-05-11,934580.0,1100617,2035197.0,5,5,1
2019-05-12,942393.0,1049805,1992198.0,5,6,1
2019-05-13,1122942.0,1197870,2320812.0,5,0,0
2019-05-14,1104726.0,1191665,2296391.0,5,1,0
2019-05-15,1070369.0,1182881,2253250.0,5,2,0
2019-05-16,1059237.0,1181401,2240638.0,5,3,0
2019-05-17,1043368.0,1185889,2229257.0,5,4,0
2019-05-18,821520.0,1071539,1893059.0,5,5,1
2019-05-19,775913.0,1025609,1801522.0,5,6,1
2019-05-20,1007161.0,1180311,2187472.0,5,0,0
2019-05-21,990623.0,1179248,2169871.0,5,1,0
2019-05-22,943373.0,1158955,2102328.0,5,2,0
2019-05-23,897914.0,1143876,2041790.0,5,3,0
2019-05-24,849582.0,1124724,1974306.0,5,4,0
2019-05-25,708670.0,998963,1707633.0,5,5,1
2019-05-26,605966.0,944020,1549986.0,5,6,1
2019-05-27,754890.0,1105409,1860299.0,5,0,0
2019-05-28,862326.0,1140207,2002533.0,5,1,0
2019-05-29,884240.0,1150172,2034412.0,5,2,0
2019-05-30,633761.0,997084,1630845.0,5,3,0
2019-05-31,669739.0,1035739,1705478.0,5,4,0
2019-06-01,559651.0,978664,1538315.0,6,5,1
2019-06-02,510477.0,925613,1436090.0,6,6,1
2019-06-03,730090.0,1086933,1817023.0,6,0,0
2019-06-04,785607.0,1116788,1902395.0,6,1,0
2019-06-05,801982.0,1123579,1925561.0,6,2,0
2019-06-06,776758.0,1120169,1896927.0,6,3,0
2019-06-07,718954.0,1113464,1832418.0,6,4,0
2019-06-08,615119.0,992114,1607233.0,6,5,1
2019-06-09,566142.0,928646,1494788.0,6,6,1
2019-06-10,619096.0,975156,1594252.0,6,0,0
2019-06-11,877519.0,1129420,2006939.0,6,1,0
2019-06-12,919353.0,1149309,2068662.0,6,2,0
2019-06-13,854558.0,1138561,1993119.0,6,3,0
2019-06-14,819878.0,1125486,1945364.0,6,4,0
2019-06-15,585625.0,994420,1580045.0,6,5,1
2019-06-16,538365.0,934717,1473082.0,6,6,1
2019-06-17,711096.0,1097975,1809071.0,6,0,0
2019-06-18,721644.0,1130447,1852091.0,6,1,0
2019-06-19,720193.0,1129152,1849345.0,6,2,0
2019-06-20,754949.0,1121756,1876705.0,6,3,0
2019-06-21,773085.0,1106949,1880034.0,6,4,0
2019-06-22,553417.0,986160,1539577.0,6,5,1
2019-06-23,492374.0,937617,1429991.0,6,6,1
2019-06-24,686572.0,1132025,1818597.0,6,0,0
2019-06-25,742636.0,1184822,1927458.0,6,1,0
2019-06-26,713266.0,1207164,1920430.0,6,2,0
2019-06-27,687601.0,1223916,1911517.0,6,3,0
2019-06-28,703016.0,1203957,1906973.0,6,4,0
2019-06-29,559341.0,1085202,1644543.0,6,5,1
2019-06-30,486567.0,1009246,1495813.0,6,6,1
2019-07-01,681898.0,1151537,1833435.0,7,0,0
2019-07-02,742485.0,1165865,1908350.0,7,1,0
2019-07-03,695516.0,1170484,1866000.0,7,2,0
2019-07-04,689044.0,1180124,1869168.0,7,3,0
2019-07-05,702640.0,1187538,1890178.0,7,4,0
2019-07-06,517934.0,1061256,1579190.0,7,5,1
2019-07-07,464213.0,985766,1449979.0,7,6,1
2019-07-08,676869.0,1138825,1815694.0,7,0,0
2019-07-09,740092.0,1137573,1877665.0,7,1,0
2019-07-10,750356.0,1148326,1898682.0,7,2,0
2019-07-11,750659.0,1159044,1909703.0,7,3,0
2019-07-12,741043.0,1151904,1892947.0,7,4,0
2019-07-13,565476.0,1025167,1590643.0,7,5,1
2019-07-14,501272.0,948922,1450194.0,7,6,1
2019-07-15,708665.0,1102635,1811300.0,7,0,0
2019-07-16,765317.0,1143920,1909237.0,7,1,0
2019-07-17,798955.0,1154571,1953526.0,7,2,0
2019-07-18,801870.0,1154453,1956323.0,7,3,0
2019-07-19,783281.0,1148701,1931982.0,7,4,0
2019-07-20,607755.0,1029025,1636780.0,7,5,1
2019-07-21,560245.0,970512,1530757.0,7,6,1
2019-07-22,737570.0,1157251,1894821.0,7,0,0
2019-07-23,750242.0,1213346,1963588.0,7,1,0
2019-07-24,746511.0,1230189,1976700.0,7,2,0
2019-07-25,740537.0,1228808,1969345.0,7,3,0
2019-07-26,728099.0,1165439,1893538.0,7,4,0
2019-07-27,655349.0,987335,1642684.0,7,5,1
2019-07-28,513515.0,898542,1412057.0,7,6,1
2019-07-29,717072.0,1046127,1763199.0,7,0,0
2019-07-30,662392.0,1072978,1735370.0,7,1,0
2019-07-31,678183.0,1068188,1746371.0,7,2,0
2019-08-01,718194.0,1072809,1791003.0,8,3,0
2019-08-02,667460.0,1061331,1728791.0,8,4,0
2019-08-03,548306.0,965116,1513422.0,8,5,1
2019-08-04,453966.0,916686,1370652.0,8,6,1
2019-08-05,593106.0,1026033,1619139.0,8,0,0
2019-08-06,597978.0,1040556,1638534.0,8,1,0
2019-08-07,616239.0,1027954,1644193.0,8,2,0
2019-08-08,620104.0,1041938,1662042.0,8,3,0
2019-08-09,526312.0,1049180,1575492.0,8,4,0
2019-08-10,428862.0,942238,1371100.0,8,5,1
2019-08-11,423897.0,882602,1306499.0,8,6,1
2019-08-12,534422.0,966740,1501162.0,8,0,0
2019-08-13,590542.0,977758,1568300.0,8,1,0
2019-08-14,532508.0,984081,1516589.0,8,2,0
2019-08-15,464405.0,902630,1367035.0,8,3,0
2019-08-16,512599.0,956184,1468783.0,8,4,0
2019-08-17,458131.0,922975,1381106.0,8,5,1
2019-08-18,438237.0,889101,1327338.0,8,6,1
2019-08-19,594689.0,1000056,1594745.0,8,0,0
2019-08-20,665108.0,1025944,1691052.0,8,1,0
2019-08-21,693189.0,1035732,1728921.0,8,2,0
2019-08-22,645712.0,1044382,1690094.0,8,3,0
2019-08-23,617095.0,1049927,1667022.0,8,4,0
2019-08-24,505215.0,968918,1474133.0,8,5,1
2019-08-25,472611.0,925671,1398282.0,8,6,1
2019-08-26,671369.0,1094050,1765419.0,8,0,0
2019-08-27,724623.0,1131936,1856559.0,8,1,0
2019-08-28,734840.0,1138167,1873007.0,8,2,0
2019-08-29,727178.0,1136656,1863834.0,8,3,0
2019-08-30,718795.0,1130585,1849380.0,8,4,0
2019-08-31,596736.0,1011395,1608131.0,8,5,1
2019-09-01,537946.0,942380,1480326.0,9,6,1
2019-09-02,711244.0,1082030,1793274.0,9,0,0
2019-09-03,747758.0,1116897,1864655.0,9,1,0
2019-09-04,780669.0,1124731,1905400.0,9,2,0
2019-09-05,795113.0,1114274,1909387.0,9,3,0
2019-09-06,815942.0,1103147,1919089.0,9,4,0
2019-09-07,740200.0,978393,1718593.0,9,5,1
2019-09-08,681651.0,932098,1613749.0,9,6,1
2019-09-09,847927.0,1099301,1947228.0,9,0,0
2019-09-10,862618.0,1124470,1987088.0,9,1,0
2019-09-11,819029.0,1127766,1946795.0,9,2,0
2019-09-12,810105.0,1129705,1939810.0,9,3,0
2019-09-13,778245.0,1115452,1893697.0,9,4,0
2019-09-14,651770.0,990200,1641970.0,9,5,1
2019-09-15,524004.0,937784,1461788.0,9,6,1
2019-09-16,763269.0,1102080,1865349.0,9,0,0
2019-09-17,805662.0,1124798,1930460.0,9,1,0
2019-09-18,804599.0,1118226,1922825.0,9,2,0
2019-09-19,840886.0,1115463,1956349.0,9,3,0
2019-09-20,829267.0,1108538,1937805.0,9,4,0
2019-09-21,647632.0,986388,1634020.0,9,5,1
2019-09-22,547108.0,924974,1472082.0,9,6,1
2019-09-23,798166.0,1076680,1874846.0,9,0,0
2019-09-24,832116.0,1108090,1940206.0,9,1,0
2019-09-25,852112.0,1125243,1977355.0,9,2,0
2019-09-26,848667.0,1133456,1982123.0,9,3,0
2019-09-27,803386.0,1115145,1918531.0,9,4,0
2019-09-28,628685.0,995836,1624521.0,9,5,1
2019-09-29,573696.0,950338,1524034.0,9,6,1
2019-09-30,798743.0,1108529,1907272.0,9,0,0
2019-10-01,837416.0,1139658,1977074.0,10,1,0
2019-10-02,914166.0,1149564,2063730.0,10,2,0
2019-10-03,1046454.0,1185622,2232076.0,10,3,0
2019-10-04,991995.0,1177222,2169217.0,10,4,0
2019-10-05,900379.0,1047331,1947710.0,10,5,1
2019-10-06,768118.0,992468,1760586.0,10,6,1
2019-10-07,1034802.0,1161100,2195902.0,10,0,0
2019-10-08,1060313.0,1185356,2245669.0,10,1,0
2019-10-09,1101823.0,1196713,2298536.0,10,2,0
2019-10-10,1097181.0,1198363,2295544.0,10,3,0
2019-10-11,1034924.0,1176463,2211387.0,10,4,0
2019-10-12,812806.0,1035733,1848539.0,10,5,1
2019-10-13,643422.0,971599,1615021.0,10,6,1
2019-10-14,896295.0,1124448,2020743.0,10,0,0
2019-10-15,1042248.0,1163100,2205348.0,10,1,0
2019-10-16,1116175.0,1197055,2313230.0,10,2,0
2019-10-17,1109258.0,1200715,2309973.0,10,3,0
2019-10-18,1109261.0,1188261,2297522.0,10,4,0
2019-10-19,1018007.0,1073413,2091420.0,10,5,1
2019-10-20,1019179.0,1036095,2055274.0,10,6,1
2019-10-21,1227095.0,1215653,2442748.0,10,0,0
2019-10-22,1323581.0,1276794,2600375.0,10,1,0
2019-10-23,1253082.0,1260510,2513592.0,10,2,0
2019-10-24,1185357.0,1239269,2424626.0,10,3,0
2019-10-25,1155662.0,1223153,2378815.0,10,4,0
2019-10-26,925891.0,1088301,2014192.0,10,5,1
2019-10-27,1045348.0,1054462,2099810.0,10,6,1
2019-10-28,1391971.0,1257838,2649809.0,10,0,0
2019-10-29,1482153.0,1301942,2784095.0,10,1,0
2019-10-30,1514380.0,1312815,2827195.0,10,2,0
2019-10-31,1516339.0,1299411,2815750.0,10,3,0
2019-11-01,1294441.0,1139250,2433691.0,11,4,0
2019-11-02,1105535.0,1112260,2217795.0,11,5,1
2019-11-03,1158996.0,1114193,2273189.0,11,6,1
2019-11-04,1487758.0,1298917,2786675.0,11,0,0
2019-11-05,1651867.0,1366511,3018378.0,11,1,0
2019-11-06,1701514.0,1390552,3092066.0,11,2,0
2019-11-07,1821173.0,1435698,3256871.0,11,3,0
2019-11-08,1966434.0,1482122,3448556.0,11,4,0
2019-11-09,1824201.0,1381738,3205939.0,11,5,1
2019-11-10,1762543.0,1335755,3098298.0,11,6,1
2019-11-11,1918708.0,1380909,3299617.0,11,0,0
2019-11-12,2100567.0,1550111,3650678.0,11,1,0
2019-11-13,2130935.0,1592910,3723845.0,11,2,0
2019-11-14,2244173.0,1641798,3885971.0,11,3,0
2019-11-15,2329288.0,1670076,3999364.0,11,4,0
2019-11-16,2146673.0,1533073,3679746.0,11,5,1
2019-11-17,2057788.0,1467417,3525205.0,11,6,1
2019-11-18,2278891.0,1651923,3930814.0,11,0,0
2019-11-19,2313426.0,1680734,3994160.0,11,1,0
2019-11-20,2430468.0,1709367,4139835.0,11,2,0
2019-11-21,2319604.0,1678785,3998389.0,11,3,0
2019-11-22,2089036.0,1585471,3674507.0,11,4,0
2019-11-23,1703643.0,1395811,3099454.0,11,5,1
2019-11-24,1680645.0,1342898,3023543.0,11,6,1
2019-11-25,1899544.0,1479534,3379078.0,11,0,0
2019-11-26,1827204.0,1467388,3294592.0,11,1,0
2019-11-27,1716938.0,1456766,3173704.0,11,2,0
2019-11-28,1777092.0,1461837,3238929.0,11,3,0
2019-11-29,1864740.0,1463783,3328523.0,11,4,0
2019-11-30,1914185.0,1422773,3336958.0,11,5,1
2019-12-01,2055687.0,1413955,3469642.0,12,6,1
2019-12-02,2424822.0,1639548,4064370.0,12,0,0
2019-12-03,2534474.0,1733864,4268338.0,12,1,0
2019-12-04,2593929.0,1767060,4360989.0,12,2,0
2019-12-05,2622872.0,1760019,4382891.0,12,3,0
2019-12-06,2340924.0,1734326,4075250.0,12,4,0
2019-12-07,1848626.0,1477317,3325943.0,12,5,1
2019-12-08,1633710.0,1388654,3022364.0,12,6,1
2019-12-09,2155813.0,1592023,3747836.0,12,0,0
2019-12-10,2322967.0,1675007,3997974.0,12,1,0
2019-12-11,2329636.0,1694963,4024599.0,12,2,0
2019-12-12,2288004.0,1700221,3988225.0,12,3,0
2019-12-13,2098492.0,1624770,3723262.0,12,4,0
2019-12-14,1652858.0,1443228,3096086.0,12,5,1
2019-12-15,1633152.0,1354466,2987618.0,12,6,1
2019-12-16,1914764.0,1502434,3417198.0,12,0,0
2019-12-17,1756843.0,1467842,3224685.0,12,1,0
2019-12-18,1810051.0,1477980,3288031.0,12,2,0
2019-12-19,1578474.0,1443405,3021879.0,12,3,0
2019-12-20,1553784.0,1411615,2965399.0,12,4,0
2019-12-21,1504021.0,1348686,2852707.0,12,5,1
2019-12-22,1522247.0,1317059,2839306.0,12,6,1
2019-12-23,1596363.0,1418208,3014571.0,12,0,0
2019-12-24,1436346.0,1338225,2774571.0,12,1,0
2019-12-25,1491893.0,1219313,2711206.0,12,2,0
2019-12-26,1643584.0,1390909,3034493.0,12,3,0
2019-12-27,1678194.0,1383747,3061941.0,12,4,0
2019-12-28,1691159.0,1356791,3047950.0,12,5,1
2019-12-29,1888487.0,1434131,3322618.0,12,6,1
2019-12-30,2136841.0,1581795,3718636.0,12,0,0
2019-12-31,2192690.0,1599615,3792305.0,12,1,0
2020-01-01,2015768.0,1454432,3470200.0,1,2,0
2020-01-02,2097914.0,1553591,3651505.0,1,3,0
2020-01-03,1978276.0,1526879,3505155.0,1,4,0
2020-01-04,1950652.0,1456825,3407477.0,1,5,1
2020-01-05,2035116.0,1447855,3482971.0,1,6,1
2020-01-06,2317136.0,1671880,3989016.0,1,0,0
2020-01-07,2111320.0,1640220,3751540.0,1,1,0
2020-01-08,1954190.0,1569100,3523290.0,1,2,0
2020-01-09,1802201.0,1525093,3327294.0,1,3,0
2020-01-10,1973384.0,1547993,3521377.0,1,4,0
2020-01-11,1898707.0,1484669,3383376.0,1,5,1
2020-01-12,1848695.0,1466226,3314921.0,1,6,1
2020-01-13,2074110.0,1621876,3695986.0,1,0,0
2020-01-14,1894877.0,1611062,3505939.0,1,1,0
2020-01-15,1934559.0,1574661,3509220.0,1,2,0
2020-01-16,1890916.0,1550293,3441209.0,1,3,0
2020-01-17,2023729.0,1547526,3571255.0,1,4,0
2020-01-18,2094380.0,1504021,3598401.0,1,5,1
2020-01-19,2214746.0,1528145,3742891.0,1,6,1
2020-01-20,2509016.0,1748803,4257819.0,1,0,0
2020-01-21,2572327.0,1791028,4363355.0,1,1,0
2020-01-22,2608109.0,1808622,4416731.0,1,2,0
2020-01-23,2557702.0,1799023,4356725.0,1,3,0
2020-01-24,2456186.0,1754346,4210532.0,1,4,0
2020-01-25,2215328.0,1597034,3812362.0,1,5,1
2020-01-26,2021940.0,1478733,3500673.0,1,6,1
2020-01-27,2104579.0,1631360,3735939.0,1,0,0
2020-01-28,2220812.0,1655684,3876496.0,1,1,0
2020-01-29,2120585.0,1636825,3757410.0,1,2,0
2020-01-30,1967816.0,1614358,3582174.0,1,3,0
2020-01-31,1662814.0,1479039,3141853.0,1,4,0
2020-02-01,1389218.0,1328157,2717375.0,2,5,1
2020-02-02,1335597.0,1256608,2592205.0,2,6,1
2020-02-03,1603655.0,1392388,2996043.0,2,0,0
2020-02-04,1961669.0,1515016,3476685.0,2,1,0
2020-02-05,2144147.0,1581745,3725892.0,2,2,0
2020-02-06,2249215.0,1632371,3881586.0,2,3,0
2020-02-07,2089604.0,1629382,3718986.0,2,4,0
2020-02-08,1754515.0,1437015,3191530.0,2,5,1
2020-02-09,1546523.0,1362168,2908691.0,2,6,1
2020-02-10,1686427.0,1472716,3159143.0,2,0,0
2020-02-11,1891282.0,1546642,3437924.0,2,1,0
2020-02-12,2088614.0,1587761,3676375.0,2,2,0
2020-02-13,2066492.0,1605579,3672071.0,2,3,0
2020-02-14,1861101.0,1514550,3375651.0,2,4,0
2020-02-15,1463542.0,1372122,2835664.0,2,5,1
2020-02-16,1344123.0,1260487,2604610.0,2,6,1
2020-02-17,1732348.0,1449158,3181506.0,2,0,0
2020-02-18,1843348.0,1532306,3375654.0,2,1,0
2020-02-19,1955713.0,1548761,3504474.0,2,2,0
2020-02-20,1918910.0,1527658,3446568.0,2,3,0
2020-02-21,1927056.0,1536109,3463165.0,2,4,0
2020-02-22,1541135.0,1399339,2940474.0,2,5,1
2020-02-23,1429432.0,1284235,2713667.0,2,6,1
2020-02-24,1612509.0,1408446,3020955.0,2,0,0
2020-02-25,1825705.0,1467818,3293523.0,2,1,0
2020-02-26,2173207.0,1590938,3764145.0,2,2,0
2020-02-27,2223923.0,1630712,3854635.0,2,3,0
2020-02-28,1987630.0,1603175,3590805.0,2,4,0
2020-02-29,1578786.0,1401044,2979830.0,2,5,1
2020-03-01,1643197.0,1367993,3011190.0,3,6,1
2020-03-02,2103445.0,1558056,3661501.0,3,0,0
2020-03-03,2169066.0,1627290,3796356.0,3,1,0
2020-03-04,2064556.0,1623608,3688164.0,3,2,0
2020-03-05,1953609.0,1568996,3522605.0,3,3,0
2020-03-06,2058224.0,1591387,3649611.0,3,4,0
2020-03-07,1753914.0,1452884,3206798.0,3,5,1
2020-03-08,1613955.0,1357740,2971695.0,3,6,1
2020-03-09,1884019.0,1507820,3391839.0,3,0,0
2020-03-10,1666455.0,1516476,3182931.0,3,1,0
2020-03-11,1506219.0,1405999,2912218.0,3,2,0
2020-03-12,1601132.0,1399616,3000748.0,3,3,0
2020-03-13,1739638.0,1424511,3164149.0,3,4,0
2020-03-14,1558573.0,1318165,2876738.0,3,5,1
2020-03-15,1339202.0,1216392,2555594.0,3,6,1
2020-03-16,1667549.0,1345875,3013424.0,3,0,0
2020-03-17,1492731.0,1292286,2785017.0,3,1,0
2020-03-18,1327479.0,1198428,2525907.0,3,2,0
2020-03-19,1200033.0,1140339,2340372.0,3,3,0
2020-03-20,1121437.0,1110518,2231955.0,3,4,0
2020-03-21,1236425.0,1100105,2336530.0,3,5,1
2020-03-22,1307843.0,1111722,2419565.0,3,6,1
2020-03-23,1434089.0,1195687,2629776.0,3,0,0
2020-03-24,1459270.0,1223452,2682722.0,3,1,0
2020-03-25,1478688.0,1247029,2725717.0,3,2,0
2020-03-26,1493429.0,1266426,2759855.0,3,3,0
2020-03-27,1377381.0,1243551,2620932.0,3,4,0
2020-03-28,1139500.0,1131891,2271391.0,3,5,1
2020-03-29,1377841.0,1107584,2485425.0,3,6,1
2020-03-30,1679111.0,1327387,3006498.0,3,0,0
2020-03-31,1587659.0,1301427,2889086.0,3,1,0
2020-04-01,1437046.0,1262157,2699203.0,4,2,0
2020-04-02,1317712.0,1250704,2568416.0,4,3,0
2020-04-03,1212423.0,1209912,2422335.0,4,4,0
2020-04-04,989847.0,1102212,2092059.0,4,5,1
2020-04-05,831282.0,1004312,1835594.0,4,6,1
2020-04-06,900540.0,1062522,1963062.0,4,0,0
2020-04-07,829805.0,1065845,1895650.0,4,1,0
2020-04-08,761274.0,1032838,1794112.0,4,2,0
2020-04-09,717723.0,1009546,1727269.0,4,3,0
2020-04-10,663498.0,980230,1643728.0,4,4,0
2020-04-11,596450.0,916130,1512580.0,4,5,1
2020-04-12,585372.0,885088,1470460.0,4,6,1
2020-04-13,715490.0,910687,1626177.0,4,0,0
2020-04-14,928977.0,1030311,1959288.0,4,1,0
2020-04-15,862849.0,1054949,1917798.0,4,2,0
2020-04-16,734782.0,1026102,1760884.0,4,3,0
2020-04-17,669593.0,995222,1664815.0,4,4,0
2020-04-18,607116.0,918661,1525777.0,4,5,1
2020-04-19,643820.0,898003,1541823.0,4,6,1
2020-04-20,725678.0,1002538,1728216.0,4,0,0
2020-04-21,743203.0,1025127,1768330.0,4,1,0
2020-04-22,728279.0,1026028,1754307.0,4,2,0
2020-04-23,693006.0,1013973,1706979.0,4,3,0
2020-04-24,658378.0,991630,1650008.0,4,4,0
2020-04-25,615396.0,911711,1527107.0,4,5,1
2020-04-26,625238.0,888153,1513391.0,4,6,1
2020-04-27,703698.0,988972,1692670.0,4,0,0
2020-04-28,757476.0,1028000,1785476.0,4,1,0
2020-04-29,798254.0,1049693,1847947.0,4,2,0
2020-04-30,842523.0,1059186,1901709.0,4,3,0
2020-05-01,777874.0,943969,1721843.0,5,4,0
2020-05-02,752405.0,946696,1699101.0,5,5,1
2020-05-03,705451.0,914560,1620011.0,5,6,1
2020-05-04,751918.0,1002741,1754659.0,5,0,0
2020-05-05,822759.0,1015933,1838692.0,5,1,0
2020-05-06,808816.0,1006088,1814904.0,5,2,0
2020-05-07,771637.0,996089,1767726.0,5,3,0
2020-05-08,610689.0,898175,1508864.0,5,4,0
2020-05-09,552078.0,879859,1431937.0,5,5,1
2020-05-10,548125.0,862210,1410335.0,5,6,1
2020-05-11,814953.0,1031932,1846885.0,5,0,0
2020-05-12,1049342.0,1090098,2139440.0,5,1,0
2020-05-13,1113592.0,1107642,2221234.0,5,2,0
2020-05-14,1019183.0,1109309,2128492.0,5,3,0
2020-05-15,946230.0,1081909,2028139.0,5,4,0
2020-05-16,731939.0,964483,1696422.0,5,5,1
2020-05-17,658565.0,898856,1557421.0,5,6,1
2020-05-18,723556.0,1010509,1734065.0,5,0,0
2020-05-19,785214.0,1018535,1803749.0,5,1,0
2020-05-20,791909.0,1013343,1805252.0,5,2,0
2020-05-21,596815.0,906256,1503071.0,5,3,0
2020-05-22,557616.0,942856,1500472.0,5,4,0
2020-05-23,527294.0,892551,1419845.0,5,5,1
2020-05-24,541929.0,848419,1390348.0,5,6,1
2020-05-25,669681.0,989975,1659656.0,5,0,0
2020-05-26,704134.0,1018593,1722727.0,5,1,0
2020-05-27,703539.0,1019982,1723521.0,5,2,0
2020-05-28,666927.0,1021317,1688244.0,5,3,0
2020-05-29,663495.0,1005748,1669243.0,5,4,0
2020-05-30,530160.0,904464,1434624.0,5,5,1
2020-05-31,487273.0,846975,1334248.0,5,6,1
2020-06-01,519282.0,897232,1416514.0,6,0,0
2020-06-02,690716.0,1029509,1720225.0,6,1,0
2020-06-03,744163.0,1048534,1792697.0,6,2,0
2020-06-04,760885.0,1049779,1810664.0,6,3,0
2020-06-05,647566.0,1042219,1689785.0,6,4,0
2020-06-06,554204.0,932295,1486499.0,6,5,1
2020-06-07,566419.0,887342,1453761.0,6,6,1
2020-06-08,799050.0,1030646,1829696.0,6,0,0
2020-06-09,854202.0,1068843,1923045.0,6,1,0
2020-06-10,855290.0,1076670,1931960.0,6,2,0
2020-06-11,841284.0,1077024,1918308.0,6,3,0
2020-06-12,813415.0,1062372,1875787.0,6,4,0
2020-06-13,648255.0,946851,1595106.0,6,5,1
2020-06-14,571436.0,894623,1466059.0,6,6,1
2020-06-15,767221.0,1038913,1806134.0,6,0,0
2020-06-16,811347.0,1068190,1879537.0,6,1,0
2020-06-17,811096.0,1069415,1880511.0,6,2,0
2020-06-18,813479.0,1069973,1883452.0,6,3,0
2020-06-19,801732.0,1054385,1856117.0,6,4,0
2020-06-20,682348.0,946277,1628625.0,6,5,1
2020-06-21,556407.0,892078,1448485.0,6,6,1
2020-06-22,744814.0,1046176,1790990.0,6,0,0
2020-06-23,773474.0,1082268,1855742.0,6,1,0
2020-06-24,749947.0,1102370,1852317.0,6,2,0
2020-06-25,754513.0,1118547,1873060.0,6,3,0
2020-06-26,732519.0,1093059,1825578.0,6,4,0
2020-06-27,624809.0,962541,1587350.0,6,5,1
2020-06-28,519991.0,909777,1429768.0,6,6,1
2020-06-29,712015.0,1057814,1769829.0,6,0,0
2020-06-30,757207.0,1086320,1843527.0,6,1,0
2020-07-01,745734.0,1101102,1846836.0,7,2,0
2020-07-02,770311.0,1096116,1866427.0,7,3,0
2020-07-03,742616.0,1075463,1818079.0,7,4,0
2020-07-04,567335.0,966133,1533468.0,7,5,1
2020-07-05,504982.0,924357,1429339.0,7,6,1
2020-07-06,685592.0,1070769,1756361.0,7,0,0
2020-07-07,730613.0,1100881,1831494.0,7,1,0
2020-07-08,728338.0,1115418,1843756.0,7,2,0
2020-07-09,720099.0,1133656,1853755.0,7,3,0
2020-07-10,719923.0,1111100,1831023.0,7,4,0
2020-07-11,640926.0,978073,1618999.0,7,5,1
2020-07-12,572803.0,918512,1491315.0,7,6,1
2020-07-13,651190.0,1019027,1670217.0,7,0,0
2020-07-14,627519.0,961871,1589390.0,7,1,0
2020-07-15,726234.0,1080810,1807044.0,7,2,0
2020-07-16,755062.0,1101808,1856870.0,7,3,0
2020-07-17,742973.0,1099568,1842541.0,7,4,0
2020-07-18,633997.0,986561,1620558.0,7,5,1
2020-07-19,586762.0,931434,1518196.0,7,6,1
2020-07-20,685314.0,1088064,1773378.0,7,0,0
2020-07-21,697122.0,1119055,1816177.0,7,1,0
2020-07-22,709737.0,1117600,1827337.0,7,2,0
2020-07-23,723057.0,1122805,1845862.0,7,3,0
2020-07-24,676060.0,1102382,1778442.0,7,4,0
2020-07-25,594604.0,984500,1579104.0,7,5,1
2020-07-26,500671.0,926418,1427089.0,7,6,1
2020-07-27,650601.0,1081795,1732396.0,7,0,0
2020-07-28,686541.0,1103183,1789724.0,7,1,0
2020-07-29,693599.0,1105527,1799126.0,7,2,0
2020-07-30,654229.0,1122450,1776679.0,7,3,0
2020-07-31,607446.0,1118383,1725829.0,7,4,0
2020-08-01,533968.0,992004,1525972.0,8,5,1
2020-08-02,496699.0,907264,1403963.0,8,6,1
2020-08-03,589388.0,991835,1581223.0,8,0,0
2020-08-04,599782.0,1004591,1604373.0,8,1,0
2020-08-05,570562.0,1015051,1585613.0,8,2,0
2020-08-06,564851.0,1034118,1598969.0,8,3,0
2020-08-07,566516.0,1049495,1616011.0,8,4,0
2020-08-08,512953.0,979099,1492052.0,8,5,1
2020-08-09,489394.0,938501,1427895.0,8,6,1
2020-08-10,538595.0,1039251,1577846.0,8,0,0
2020-08-11,566971.0,1061696,1628667.0,8,1,0
2020-08-12,581378.0,1052300,1633678.0,8,2,0
2020-08-13,567602.0,1022829,1590431.0,8,3,0
2020-08-14,593526.0,1006273,1599799.0,8,4,0
2020-08-15,547818.0,920937,1468755.0,8,5,1
2020-08-16,536088.0,879284,1415372.0,8,6,1
2020-08-17,616306.0,984584,1600890.0,8,0,0
2020-08-18,645480.0,1016589,1662069.0,8,1,0
2020-08-19,645852.0,1035289,1681141.0,8,2,0
2020-08-20,639998.0,1062709,1702707.0,8,3,0
2020-08-21,626342.0,1063734,1690076.0,8,4,0
2020-08-22,513591.0,961737,1475328.0,8,5,1
2020-08-23,483530.0,898476,1382006.0,8,6,1
2020-08-24,669191.0,1029161,1698352.0,8,0,0
2020-08-25,712293.0,1074928,1787221.0,8,1,0
2020-08-26,686337.0,1087732,1774069.0,8,2,0
2020-08-27,711855.0,1088204,1800059.0,8,3,0
2020-08-28,696419.0,1065884,1762303.0,8,4,0
2020-08-29,600619.0,941778,1542397.0,8,5,1
2020-08-30,567302.0,896498,1463800.0,8,6,1
2020-08-31,712684.0,1046106,1758790.0,8,0,0
2020-09-01,763989.0,1081417,1845406.0,9,1,0
2020-09-02,762824.0,1083330,1846154.0,9,2,0
2020-09-03,730701.0,1094411,1825112.0,9,3,0
2020-09-04,704793.0,1090779,1795572.0,9,4,0
2020-09-05,622762.0,961485,1584247.0,9,5,1
2020-09-06,597988.0,908036,1506024.0,9,6,1
2020-09-07,765059.0,1059487,1824546.0,9,0,0
2020-09-08,773800.0,1095153,1868953.0,9,1,0
2020-09-09,767984.0,1101678,1869662.0,9,2,0
2020-09-10,771784.0,1104198,1875982.0,9,3,0
2020-09-11,766422.0,1091016,1857438.0,9,4,0
2020-09-12,649376.0,971955,1621331.0,9,5,1
2020-09-13,578264.0,923111,1501375.0,9,6,1
2020-09-14,705768.0,1089717,1795485.0,9,0,0
2020-09-15,736619.0,1123311,1859930.0,9,1,0
2020-09-16,734115.0,1129711,1863826.0,9,2,0
2020-09-17,727885.0,1115368,1843253.0,9,3,0
2020-09-18,712802.0,1098431,1811233.0,9,4,0
2020-09-19,636570.0,982684,1619254.0,9,5,1
2020-09-20,616458.0,916719,1533177.0,9,6,1
2020-09-21,756734.0,1064756,1821490.0,9,0,0
2020-09-22,812891.0,1086574,1899465.0,9,1,0
2020-09-23,802010.0,1091350,1893360.0,9,2,0
2020-09-24,816770.0,1098371,1915141.0,9,3,0
2020-09-25,854734.0,1110091,1964825.0,9,4,0
2020-09-26,775610.0,1028559,1804169.0,9,5,1
2020-09-27,810176.0,1028776,1838952.0,9,6,1
2020-09-28,1085913.0,1190432,2276345.0,9,0,0
2020-09-29,1119846.0,1195992,2315838.0,9,1,0
2020-09-30,1060307.0,1171071,2231378.0,9,2,0
2020-10-01,1094682.0,1174799,2269481.0,10,3,0
2020-10-02,1151360.0,1199817,2351177.0,10,4,0
2020-10-03,1013601.0,1100915,2114516.0,10,5,1
2020-10-04,936809.0,1063917,2000726.0,10,6,1
2020-10-05,1179367.0,1239836,2419203.0,10,0,0
2020-10-06,1164502.0,1254822,2419324.0,10,1,0
2020-10-07,1181368.0,1228779,2410147.0,10,2,0
2020-10-08,1079616.0,1209802,2289418.0,10,3,0
2020-10-09,1141525.0,1181949,2323474.0,10,4,0
2020-10-10,1017890.0,1082247,2100137.0,10,5,1
2020-10-11,1048153.0,1076139,2124292.0,10,6,1
2020-10-12,1401035.0,1274873,2675908.0,10,0,0
2020-10-13,1492863.0,1317515,2810378.0,10,1,0
2020-10-14,1506860.0,1339331,2846191.0,10,2,0
2020-10-15,1596383.0,1369997,2966380.0,10,3,0
2020-10-16,1578744.0,1362341,2941085.0,10,4,0
2020-10-17,1416830.0,1223036,2639866.0,10,5,1
2020-10-18,1289304.0,1168296,2457600.0,10,6,1
2020-10-19,1478430.0,1320900,2799330.0,10,0,0
2020-10-20,1350689.0,1302696,2653385.0,10,1,0
2020-10-21,1152960.0,1237723,2390683.0,10,2,0
2020-10-22,1131152.0,1217442,2348594.0,10,3,0
2020-10-23,1173878.0,1205851,2379729.0,10,4,0
2020-10-24,951613.0,1102313,2053926.0,10,5,1
2020-10-25,1034388.0,1088386,2122774.0,10,6,1
2020-10-26,1396629.0,1288330,2684959.0,10,0,0
2020-10-27,1428921.0,1346324,2775245.0,10,1,0
2020-10-28,1345089.0,1316981,2662070.0,10,2,0
2020-10-29,1317684.0,1287763,2605447.0,10,3,0
2020-10-30,1194687.0,1240604,2435291.0,10,4,0
2020-10-31,1058202.0,1123809,2182011.0,10,5,1
2020-11-01,991605.0,1069046,2060651.0,11,6,1
2020-11-02,1099458.0,1188293,2287751.0,11,0,0
2020-11-03,1508327.0,1282362,2790689.0,11,1,0
2020-11-04,1747346.0,1368136,3115482.0,11,2,0
2020-11-05,1791396.0,1388799,3180195.0,11,3,0
2020-11-06,1734339.0,1353621,3087960.0,11,4,0
2020-11-07,1306483.0,1184031,2490514.0,11,5,1
2020-11-08,1154344.0,1093723,2248067.0,11,6,1
2020-11-09,1402864.0,1224456,2627320.0,11,0,0
2020-11-10,1507477.0,1257563,2765040.0,11,1,0
2020-11-11,1389841.0,1163267,2553108.0,11,2,0
2020-11-12,1514171.0,1269882,2784053.0,11,3,0
2020-11-13,1507347.0,1271348,2778695.0,11,4,0
2020-11-14,1194042.0,1133509,2327551.0,11,5,1
2020-11-15,1121892.0,1112617,2234509.0,11,6,1
2020-11-16,1533882.0,1288163,2822045.0,11,0,0
2020-11-17,1614427.0,1333422,2947849.0,11,1,0
2020-11-18,1583979.0,1332109,2916088.0,11,2,0
2020-11-19,1595767.0,1353021,2948788.0,11,3,0
2020-11-20,1865481.0,1419293,3284774.0,11,4,0
2020-11-21,1802525.0,1358779,3161304.0,11,5,1
2020-11-22,1800706.0,1335471,3136177.0,11,6,1
2020-11-23,1951535.0,1483248,3434783.0,11,0,0
2020-11-24,2026805.0,1523138,3549943.0,11,1,0
2020-11-25,1963354.0,1499097,3462451.0,11,2,0
2020-11-26,1957478.0,1477521,3434999.0,11,3,0
2020-11-27,1928007.0,1450264,3378271.0,11,4,0
2020-11-28,1798932.0,1329034,3127966.0,11,5,1
2020-11-29,1986169.0,1357284,3343453.0,11,6,1
2020-11-30,2319141.0,1603807,3922948.0,11,0,0
2020-12-01,2237368.0,1618070,3855438.0,12,1,0
2020-12-02,2252883.0,1629362,3882245.0,12,2,0
2020-12-03,2214653.0,1620559,3835212.0,12,3,0
2020-12-04,2159323.0,1607961,3767284.0,12,4,0
2020-12-05,2205342.0,1606924,3812266.0,12,5,1
2020-12-06,2003755.0,1428834,3432589.0,12,6,1
2020-12-07,2387901.0,1693300,4081201.0,12,0,0
2020-12-08,2412371.0,1710180,4122551.0,12,1,0
2020-12-09,2482572.0,1745594,4228166.0,12,2,0
2020-12-10,2345228.0,1705034,4050262.0,12,3,0
2020-12-11,2171669.0,1632416,3804085.0,12,4,0
2020-12-12,1874139.0,1446064,3320203.0,12,5,1
2020-12-13,1875013.0,1423299,3298312.0,12,6,1
2020-12-14,1952460.0,1538148,3490608.0,12,0,0
2020-12-15,1875071.0,1508953,3384024.0,12,1,0
2020-12-16,1944501.0,1534594,3479095.0,12,2,0
2020-12-17,1894162.0,1505408,3399570.0,12,3,0
2020-12-18,1896566.0,1485292,3381858.0,12,4,0
2020-12-19,1560185.0,1354092,2914277.0,12,5,1
2020-12-20,1549911.0,1300821,2850732.0,12,6,1
2020-12-21,1709530.0,1449826,3159356.0,12,0,0
2020-12-22,1468124.0,1368597,2836721.0,12,1,0
2020-12-23,1398489.0,1346018,2744507.0,12,2,0
2020-12-24,1548228.0,1361230,2909458.0,12,3,0
2020-12-25,1736347.0,1374002,3110349.0,12,4,0
2020-12-26,1860407.0,1487209,3347616.0,12,5,1
2020-12-27,1840824.0,1491803,3332627.0,12,6,1
2020-12-28,1979734.0,1545846,3525580.0,12,0,0
2020-12-29,2044172.0,1564490,3608662.0,12,1,0
2020-12-30,2050883.0,1582777,3633660.0,12,2,0
2020-12-31,2033853.0,1563419,3597272.0,12,3,0
2021-01-01,2049762.0,1534444,3584206.0,1,4,0
2021-01-02,2228721.0,1640375,3869096.0,1,5,1
2021-01-03,2169074.0,1620919,3789993.0,1,6,1
2021-01-04,2530675.0,1825463,4356138.0,1,0,0
2021-01-05,2605341.0,1885380,4490721.0,1,1,0
2021-01-06,2606694.0,1887956,4494650.0,1,2,0
2021-01-07,2643416.0,1909309,4552725.0,1,3,0
2021-01-08,2688134.0,1911126,4599260.0,1,4,0
2021-01-09,2571920.0,1806768,4378688.0,1,5,1
2021-01-10,2532862.0,1758890,4291752.0,1,6,1
2021-01-11,2739517.0,1931213,4670730.0,1,0,0
2021-01-12,2525006.0,1859552,4384558.0,1,1,0
2021-01-13,2305496.0,1729483,4034979.0,1,2,0
2021-01-14,2194051.0,1671518,3865569.0,1,3,0
2021-01-15,2406077.0,1737299,4143376.0,1,4,0
2021-01-16,2458572.0,1724956,4183528.0,1,5,1
2021-01-17,2175210.0,1578209,3753419.0,1,6,1
2021-01-18,2428188.0,1764451,4192639.0,1,0,0
2021-01-19,2330517.0,1756308,4086825.0,1,1,0
2021-01-20,2030877.0,1657981,3688858.0,1,2,0
2021-01-21,1873895.0,1598545,3472440.0,1,3,0
2021-01-22,2026320.0,1613784,3640104.0,1,4,0
2021-01-23,1950377.0,1561083,3511460.0,1,5,1
2021-01-24,2037207.0,1576364,3613571.0,1,6,1
2021-01-25,2402128.0,1749220,4151348.0,1,0,0
2021-01-26,2561719.0,1840382,4402101.0,1,1,0
2021-01-27,2333037.0,1760093,4093130.0,1,2,0
2021-01-28,1926007.0,1573490,3499497.0,1,3,0
2021-01-29,1654797.0,1480900,3135697.0,1,4,0
2021-01-30,1584234.0,1401495,2985729.0,1,5,1
2021-01-31,1620288.0,1375515,2995803.0,1,6,1
2021-02-01,1882531.0,1512540,3395071.0,2,0,0
2021-02-02,1712548.0,1481144,3193692.0,2,1,0
2021-02-03,1606780.0,1468405,3075185.0,2,2,0
2021-02-04,1845767.0,1504345,3350112.0,2,3,0
2021-02-05,1799197.0,1468301,3267498.0,2,4,0
2021-02-06,1557500.0,1369624,2927124.0,2,5,1
2021-02-07,1776929.0,1412761,3189690.0,2,6,1
2021-02-08,2387959.0,1699778,4087737.0,2,0,0
2021-02-09,2586386.0,1794047,4380433.0,2,1,0
2021-02-10,2680972.0,1818559,4499531.0,2,2,0
2021-02-11,2836058.0,1881466,4717524.0,2,3,0
2021-02-12,2836098.0,1892563,4728661.0,2,4,0
2021-02-13,2722616.0,1808234,4530850.0,2,5,1
2021-02-14,2485789.0,1734219,4220008.0,2,6,1
2021-02-15,2393635.0,1746927,4140562.0,2,0,0
2021-02-16,2094431.0,1635781,3730212.0,2,1,0
2021-02-17,1863834.0,1534124,3397958.0,2,2,0
2021-02-18,1890574.0,1544227,3434801.0,2,3,0
2021-02-19,1789953.0,1488853,3278806.0,2,4,0
2021-02-20,1361413.0,1294477,2655890.0,2,5,1
2021-02-21,1289771.0,1224345,2514116.0,2,6,1
2021-02-22,1561098.0,1382701,2943799.0,2,0,0
2021-02-23,1382337.0,1346939,2729276.0,2,1,0
2021-02-24,1278363.0,1315098,2593461.0,2,2,0
2021-02-25,1407494.0,1326685,2734179.0,2,3,0
2021-02-26,1610690.0,1358795,2969485.0,2,4,0
2021-02-27,1545651.0,1312926,2858577.0,2,5,1
2021-02-28,1560820.0,1285713,2846533.0,2,6,1
2021-03-01,1793431.0,1409382,3202813.0,3,0,0
2021-03-02,1776171.0,1417046,3193217.0,3,1,0
2021-03-03,1701906.0,1400244,3102150.0,3,2,0
2021-03-04,1752703.0,1400404,3153107.0,3,3,0
2021-03-05,1940432.0,1453750,3394182.0,3,4,0
2021-03-06,1759807.0,1385955,3145762.0,3,5,1
2021-03-07,1743495.0,1350902,3094397.0,3,6,1
2021-03-08,2018491.0,1500637,3519128.0,3,0,0
2021-03-09,2017831.0,1526156,3543987.0,3,1,0
2021-03-10,1970860.0,1530034,3500894.0,3,2,0
2021-03-11,1583553.0,1439680,3023233.0,3,3,0
2021-03-12,1650573.0,1433287,3083860.0,3,4,0
2021-03-13,1536813.0,1333158,2869971.0,3,5,1
2021-03-14,1571553.0,1307889,2879442.0,3,6,1
2021-03-15,1718532.0,1463068,3181600.0,3,0,0
2021-03-16,1877396.0,1481387,3358783.0,3,1,0
2021-03-17,1919300.0,1484994,3404294.0,3,2,0
2021-03-18,2016162.0,1534724,3550886.0,3,3,0
2021-03-19,1986694.0,1531428,3518122.0,3,4,0
2021-03-20,1861418.0,1420097,3281515.0,3,5,1
2021-03-21,1689120.0,1369504,3058624.0,3,6,1
2021-03-22,1924627.0,1490454,3415081.0,3,0,0
2021-03-23,1831452.0,1447199,3278651.0,3,1,0
2021-03-24,1684462.0,1387998,3072460.0,3,2,0
2021-03-25,1618236.0,1349022,2967258.0,3,3,0
2021-03-26,1541369.0,1339131,2880500.0,3,4,0
2021-03-27,1381609.0,1225729,2607338.0,3,5,1
2021-03-28,1234519.0,1160663,2395182.0,3,6,1
2021-03-29,1310779.0,1233094,2543873.0,3,0,0
2021-03-30,1242104.0,1184925,2427029.0,3,1,0
2021-03-31,1151720.0,1151428,2303148.0,3,2,0
2021-04-01,966040.0,1148503,2114543.0,4,3,0
2021-04-02,989329.0,1136165,2125494.0,4,4,0
2021-04-03,1106051.0,1111233,2217284.0,4,5,1
2021-04-04,1122466.0,1103449,2225915.0,4,6,1
2021-04-05,1311364.0,1164857,2476221.0,4,0,0
2021-04-06,1796536.0,1401548,3198084.0,4,1,0
2021-04-07,1907407.0,1477085,3384492.0,4,2,0
2021-04-08,1716475.0,1422608,3139083.0,4,3,0
2021-04-09,1549982.0,1342110,2892092.0,4,4,0
2021-04-10,1377564.0,1200211,2577775.0,4,5,1
2021-04-11,1412606.0,1200987,2613593.0,4,6,1
2021-04-12,1768890.0,1401362,3170252.0,4,0,0
2021-04-13,1769559.0,1409146,3178705.0,4,1,0
2021-04-14,1737201.0,1397149,3134350.0,4,2,0
2021-04-15,1740406.0,1404439,3144845.0,4,3,0
2021-04-16,1739400.0,1407583,3146983.0,4,4,0
2021-04-17,1477592.0,1268238,2745830.0,4,5,1
2021-04-18,1392148.0,1192520,2584668.0,4,6,1
2021-04-19,1437562.0,1290916,2728478.0,4,0,0
2021-04-20,1331093.0,1262667,2593760.0,4,1,0
2021-04-21,1253547.0,1232535,2486082.0,4,2,0
2021-04-22,1234338.0,1204621,2438959.0,4,3,0
2021-04-23,1153941.0,1166549,2320490.0,4,4,0
2021-04-24,893343.0,1033734,1927077.0,4,5,1
2021-04-25,861068.0,988717,1849785.0,4,6,1
2021-04-26,1128861.0,1150203,2279064.0,4,0,0
2021-04-27,1139997.0,1174802,2314799.0,4,1,0
2021-04-28,1124483.0,1184362,2308845.0,4,2,0
2021-04-29,1219666.0,1212771,2432437.0,4,3,0
2021-04-30,1275286.0,1218149,2493435.0,4,4,0
2021-05-01,1078073.0,1084093,2162166.0,5,5,1
2021-05-02,1084841.0,1087151,2171992.0,5,6,1
2021-05-03,1213069.0,1223599,2436668.0,5,0,0
2021-05-04,1133358.0,1238551,2371909.0,5,1,0
2021-05-05,1207925.0,1236350,2444275.0,5,2,0
2021-05-06,1334552.0,1274440,2608992.0,5,3,0
2021-05-07,1200324.0,1220063,2420387.0,5,4,0
2021-05-08,850646.0,1025649,1876295.0,5,5,1
2021-05-09,667693.0,946304,1613997.0,5,6,1
2021-05-10,813353.0,1095118,1908471.0,5,0,0
2021-05-11,974537.0,1145562,2120099.0,5,1,0
2021-05-12,1009299.0,1164593,2173892.0,5,2,0
2021-05-13,887765.0,1050106,1937871.0,5,3,0
2021-05-14,927744.0,1094973,2022717.0,5,4,0
2021-05-15,885621.0,1057957,1943578.0,5,5,1
2021-05-16,837381.0,1022007,1859388.0,5,6,1
2021-05-17,1038870.0,1166114,2204984.0,5,0,0
2021-05-18,1061932.0,1192306,2254238.0,5,1,0
2021-05-19,1081421.0,1196483,2277904.0,5,2,0
2021-05-20,1037324.0,1186399,2223723.0,5,3,0
2021-05-21,908312.0,1160044,2068356.0,5,4,0
2021-05-22,858868.0,1053403,1912271.0,5,5,1
2021-05-23,810431.0,992335,1802766.0,5,6,1
2021-05-24,883454.0,1045730,1929184.0,5,0,0
2021-05-25,1030478.0,1181963,2212441.0,5,1,0
2021-05-26,1003898.0,1190718,2194616.0,5,2,0
2021-05-27,937851.0,1155885,2093736.0,5,3,0
2021-05-28,859814.0,1104980,1964794.0,5,4,0
2021-05-29,615122.0,969812,1584934.0,5,5,1
2021-05-30,583848.0,910428,1494276.0,5,6,1
2021-05-31,684096.0,1051323,1735419.0,5,0,0
2021-06-01,676597.0,1079495,1756092.0,6,1,0
2021-06-02,632639.0,1085705,1718344.0,6,2,0
2021-06-03,641064.0,1092967,1734031.0,6,3,0
2021-06-04,683740.0,1078663,1762403.0,6,4,0
2021-06-05,577324.0,956764,1534088.0,6,5,1
2021-06-06,547659.0,909562,1457221.0,6,6,1
2021-06-07,707252.0,1061106,1768358.0,6,0,0
2021-06-08,733397.0,1089347,1822744.0,6,1,0
2021-06-09,703636.0,1098945,1802581.0,6,2,0
2021-06-10,705937.0,1106065,1812002.0,6,3,0
2021-06-11,668348.0,1098800,1767148.0,6,4,0
2021-06-12,512287.0,983160,1495447.0,6,5,1
2021-06-13,469781.0,928267,1398048.0,6,6,1
2021-06-14,618009.0,1098732,1716741.0,6,0,0
2021-06-15,671407.0,1136800,1808207.0,6,1,0
2021-06-16,677902.0,1150993,1828895.0,6,2,0
2021-06-17,662944.0,1133272,1796216.0,6,3,0
2021-06-18,638962.0,1105070,1744032.0,6,4,0
2021-06-19,525329.0,990062,1515391.0,6,5,1
2021-06-20,476834.0,922476,1399310.0,6,6,1
2021-06-21,635622.0,1071019,1706641.0,6,0,0
2021-06-22,690693.0,1092676,1783369.0,6,1,0
2021-06-23,719733.0,1095652,1815385.0,6,2,0
2021-06-24,711880.0,1090979,1802859.0,6,3,0
2021-06-25,688572.0,1076508,1765080.0,6,4,0
2021-06-26,551621.0,968209,1519830.0,6,5,1
2021-06-27,483140.0,921360,1404500.0,6,6,1
2021-06-28,657408.0,1068980,1726388.0,6,0,0
2021-06-29,709055.0,1094151,1803206.0,6,1,0
2021-06-30,723293.0,1094996,1818289.0,6,2,0
2021-07-01,705427.0,1104721,1810148.0,7,3,0
2021-07-02,703244.0,1103587,1806831.0,7,4,0
2021-07-03,534978.0,982774,1517752.0,7,5,1
2021-07-04,475564.0,924050,1399614.0,7,6,1
2021-07-05,656636.0,1080036,1736672.0,7,0,0
2021-07-06,625169.0,1098998,1724167.0,7,1,0
2021-07-07,690175.0,1103667,1793842.0,7,2,0
2021-07-08,734152.0,1103434,1837586.0,7,3,0
2021-07-09,735694.0,1093504,1829198.0,7,4,0
2021-07-10,539931.0,981133,1521064.0,7,5,1
2021-07-11,494157.0,927663,1421820.0,7,6,1
2021-07-12,683942.0,1076290,1760232.0,7,0,0
2021-07-13,709363.0,1088237,1797600.0,7,1,0
2021-07-14,550555.0,967554,1518109.0,7,2,0
2021-07-15,609622.0,1075452,1685074.0,7,3,0
2021-07-16,612169.0,1076420,1688589.0,7,4,0
2021-07-17,504110.0,975201,1479311.0,7,5,1
2021-07-18,441062.0,929356,1370418.0,7,6,1
2021-07-19,631349.0,1096568,1727917.0,7,0,0
2021-07-20,646407.0,1131180,1777587.0,7,1,0
2021-07-21,664791.0,1139480,1804271.0,7,2,0
2021-07-22,624996.0,1144551,1769547.0,7,3,0
2021-07-23,559872.0,1126606,1686478.0,7,4,0
2021-07-24,448090.0,990861,1438951.0,7,5,1
2021-07-25,421467.0,930938,1352405.0,7,6,1
2021-07-26,598813.0,1071073,1669886.0,7,0,0
2021-07-27,567441.0,1097246,1664687.0,7,1,0
2021-07-28,532540.0,1086630,1619170.0,7,2,0
2021-07-29,522262.0,1085613,1607875.0,7,3,0
2021-07-30,503026.0,1058247,1561273.0,7,4,0
2021-07-31,436142.0,953973,1390115.0,7,5,1
2021-08-01,416792.0,881497,1298289.0,8,6,1
2021-08-02,492803.0,981736,1474539.0,8,0,0
2021-08-03,525752.0,1003749,1529501.0,8,1,0
2021-08-04,534941.0,999839,1534780.0,8,2,0
2021-08-05,513673.0,986013,1499686.0,8,3,0
2021-08-06,491147.0,971196,1462343.0,8,4,0
2021-08-07,439219.0,894843,1334062.0,8,5,1
2021-08-08,427564.0,852199,1279763.0,8,6,1
2021-08-09,477761.0,951107,1428868.0,8,0,0
2021-08-10,502972.0,982799,1485771.0,8,1,0
2021-08-11,530322.0,1003048,1533370.0,8,2,0
2021-08-12,532667.0,1017644,1550311.0,8,3,0
2021-08-13,479388.0,1021849,1501237.0,8,4,0
2021-08-14,410195.0,963741,1373936.0,8,5,1
2021-08-15,382952.0,906522,1289474.0,8,6,1
2021-08-16,451890.0,978987,1430877.0,8,0,0
2021-08-17,482649.0,1000179,1482828.0,8,1,0
2021-08-18,500160.0,1008445,1508605.0,8,2,0
2021-08-19,517341.0,1013021,1530362.0,8,3,0
2021-08-20,527626.0,1018443,1546069.0,8,4,0
2021-08-21,458768.0,947839,1406607.0,8,5,1
2021-08-22,429323.0,899844,1329167.0,8,6,1
2021-08-23,531497.0,1024819,1556316.0,8,0,0
2021-08-24,563341.0,1043283,1606624.0,8,1,0
2021-08-25,573473.0,1051646,1625119.0,8,2,0
2021-08-26,582453.0,1068515,1650968.0,8,3,0
2021-08-27,585369.0,1055021,1640390.0,8,4,0
2021-08-28,481880.0,952876,1434756.0,8,5,1
2021-08-29,464631.0,911219,1375850.0,8,6,1
2021-08-30,610195.0,1061343,1671538.0,8,0,0
2021-08-31,640578.0,1095594,1736172.0,8,1,0
2021-09-01,638631.0,1113873,1752504.0,9,2,0
2021-09-02,625370.0,1114604,1739974.0,9,3,0
2021-09-03,610141.0,1103328,1713469.0,9,4,0
2021-09-04,501944.0,986976,1488920.0,9,5,1
2021-09-05,464369.0,944397,1408766.0,9,6,1
2021-09-06,651395.0,1103523,1754918.0,9,0,0
2021-09-07,647150.0,1133278,1780428.0,9,1,0
2021-09-08,637778.0,1132603,1770381.0,9,2,0
2021-09-09,732202.0,1125833,1858035.0,9,3,0
2021-09-10,727410.0,1105025,1832435.0,9,4,0
2021-09-11,581780.0,977914,1559694.0,9,5,1
2021-09-12,489774.0,930015,1419789.0,9,6,1
2021-09-13,712970.0,1084826,1797796.0,9,0,0
2021-09-14,723354.0,1120373,1843727.0,9,1,0
2021-09-15,708771.0,1123455,1832226.0,9,2,0
2021-09-16,706597.0,1112292,1818889.0,9,3,0
2021-09-17,705499.0,1092112,1797611.0,9,4,0
2021-09-18,540512.0,977828,1518340.0,9,5,1
2021-09-19,511844.0,927520,1439364.0,9,6,1
2021-09-20,762847.0,1075916,1838763.0,9,0,0
2021-09-21,743588.0,1102976,1846564.0,9,1,0
2021-09-22,744318.0,1105683,1850001.0,9,2,0
2021-09-23,683914.0,1108617,1792531.0,9,3,0
2021-09-24,668823.0,1096015,1764838.0,9,4,0
2021-09-25,602858.0,988333,1591191.0,9,5,1
2021-09-26,525346.0,926884,1452230.0,9,6,1
2021-09-27,718090.0,1084377,1802467.0,9,0,0
2021-09-28,804178.0,1120659,1924837.0,9,1,0
2021-09-29,716760.0,1125936,1842696.0,9,2,0
2021-09-30,799347.0,1139572,1938919.0,9,3,0
2021-10-01,685727.0,1144733,1830460.0,10,4,0
2021-10-02,652656.0,1031399,1684055.0,10,5,1
2021-10-03,617144.0,983059,1600203.0,10,6,1
2021-10-04,890565.0,1133598,2024163.0,10,0,0
2021-10-05,872796.0,1174374,2047170.0,10,1,0
2021-10-06,943520.0,1196356,2139876.0,10,2,0
2021-10-07,1014771.0,1178731,2193502.0,10,3,0
2021-10-08,981515.0,1178518,2160033.0,10,4,0
2021-10-09,812414.0,1058240,1870654.0,10,5,1
2021-10-10,804527.0,1025113,1829640.0,10,6,1
2021-10-11,1084227.0,1187786,2272013.0,10,0,0
2021-10-12,1143588.0,1237972,2381560.0,10,1,0
2021-10-13,1228164.0,1244451,2472615.0,10,2,0
2021-10-14,1298281.0,1272473,2570754.0,10,3,0
2021-10-15,1258126.0,1257670,2515796.0,10,4,0
2021-10-16,1060533.0,1138035,2198568.0,10,5,1
2021-10-17,1005358.0,1098552,2103910.0,10,6,1
2021-10-18,1228902.0,1252588,2481490.0,10,0,0
2021-10-19,1014981.0,1208319,2223300.0,10,1,0
2021-10-20,897620.0,1198378,2095998.0,10,2,0
2021-10-21,1108606.0,1214166,2322772.0,10,3,0
2021-10-22,1369833.0,1258373,2628206.0,10,4,0
2021-10-23,1274835.0,1157707,2432542.0,10,5,1
2021-10-24,1192529.0,1135311,2327840.0,10,6,1
2021-10-25,1378418.0,1272934,2651352.0,10,0,0
2021-10-26,1350373.0,1280839,2631212.0,10,1,0
2021-10-27,1361545.0,1286445,2647990.0,10,2,0
2021-10-28,1342420.0,1285822,2628242.0,10,3,0
2021-10-29,1188309.0,1257159,2445468.0,10,4,0
2021-10-30,1031878.0,1137485,2169363.0,10,5,1
2021-10-31,988217.0,1069226,2057443.0,10,6,1
2021-11-01,1171427.0,1121590,2293017.0,11,0,0
2021-11-02,1542458.0,1314114,2856572.0,11,1,0
2021-11-03,1687648.0,1380417,3068065.0,11,2,0
2021-11-04,1766197.0,1441968,3208165.0,11,3,0
2021-11-05,1761742.0,1446385,3208127.0,11,4,0
2021-11-06,1697089.0,1364244,3061333.0,11,5,1
2021-11-07,1472291.0,1289812,2762103.0,11,6,1
2021-11-08,1805419.0,1435170,3240589.0,11,0,0
2021-11-09,1904181.0,1492061,3396242.0,11,1,0
2021-11-10,2039366.0,1526358,3565724.0,11,2,0
2021-11-11,1862820.0,1369212,3232032.0,11,3,0
2021-11-12,1864253.0,1423976,3288229.0,11,4,0
2021-11-13,1568355.0,1290244,2858599.0,11,5,1
2021-11-14,1451146.0,1230573,2681719.0,11,6,1
2021-11-15,1825359.0,1449583,3274942.0,11,0,0
2021-11-16,1933135.0,1500107,3433242.0,11,1,0
2021-11-17,1862615.0,1497487,3360102.0,11,2,0
2021-11-18,1910859.0,1505129,3415988.0,11,3,0
2021-11-19,1907448.0,1497554,3405002.0,11,4,0
2021-11-20,1791031.0,1395544,3186575.0,11,5,1
2021-11-21,1762095.0,1371044,3133139.0,11,6,1
2021-11-22,2058760.0,1571264,3630024.0,11,0,0
2021-11-23,2200330.0,1629789,3830119.0,11,1,0
2021-11-24,2222815.0,1644295,3867110.0,11,2,0
2021-11-25,2264489.0,1660534,3925023.0,11,3,0
2021-11-26,2272958.0,1667488,3940446.0,11,4,0
2021-11-27,2122323.0,1564707,3687030.0,11,5,1
2021-11-28,2074067.0,1562923,3636990.0,11,6,1
2021-11-29,2458146.0,1761059,4219205.0,11,0,0
2021-11-30,2371729.0,1790327,4162056.0,11,1,0
2021-12-01,2124817.0,1681176,3805993.0,12,2,0
2021-12-02,2316453.0,1717965,4034418.0,12,3,0
2021-12-03,2428062.0,1764778,4192840.0,12,4,0
2021-12-04,1933062.0,1512329,3445391.0,12,5,1
2021-12-05,2018165.0,1523129,3541294.0,12,6,1
2021-12-06,2298626.0,1691268,3989894.0,12,0,0
2021-12-07,2271599.0,1714090,3985689.0,12,1,0
2021-12-08,2227797.0,1716037,3943834.0,12,2,0
2021-12-09,2343154.0,1758805,4101959.0,12,3,0
2021-12-10,2260531.0,1730894,3991425.0,12,4,0
2021-12-11,2085943.0,1594538,3680481.0,12,5,1
2021-12-12,1921631.0,1488375,3410006.0,12,6,1
2021-12-13,2115181.0,1624162,3739343.0,12,0,0
2021-12-14,2232503.0,1682893,3915396.0,12,1,0
2021-12-15,2213727.0,1684312,3898039.0,12,2,0
2021-12-16,2172228.0,1675513,3847741.0,12,3,0
2021-12-17,2142581.0,1670007,3812588.0,12,4,0
2021-12-18,2031514.0,1563223,3594737.0,12,5,1
2021-12-19,2086172.0,1550329,3636501.0,12,6,1
2021-12-20,2319794.0,1735670,4055464.0,12,0,0
2021-12-21,2510753.0,1802180,4312933.0,12,1,0
2021-12-22,2617058.0,1851935,4468993.0,12,2,0
2021-12-23,2291454.0,1712316,4003770.0,12,3,0
2021-12-24,1758875.0,1474778,3233653.0,12,4,0
2021-12-25,1461901.0,1289038,2750939.0,12,5,1
2021-12-26,1499935.0,1291566,2791501.0,12,6,1
2021-12-27,1505012.0,1389237,2894249.0,12,0,0
2021-12-28,1420379.0,1382549,2802928.0,12,1,0
2021-12-29,1335819.0,1331763,2667582.0,12,2,0
2021-12-30,1223892.0,1266311,2490203.0,12,3,0
2021-12-31,1315755.0,1279971,2595726.0,12,4,0
2022-01-01,1281451.0,1210665,2492116.0,1,5,1
2022-01-02,1332968.0,1257383,2590351.0,1,6,1
2022-01-03,1521335.0,1430120,2951455.0,1,0,0
2022-01-04,1707860.0,1494521,3202381.0,1,1,0
2022-01-05,2041995.0,1642133,3684128.0,1,2,0
2022-01-06,2227977.0,1741567,3969544.0,1,3,0
2022-01-07,2188915.0,1738336,3927251.0,1,4,0
2022-01-08,1863401.0,1563277,3426678.0,1,5,1
2022-01-09,1870669.0,1499297,3369966.0,1,6,1
2022-01-10,2272171.0,1672097,3944268.0,1,0,0
2022-01-11,2393864.0,1743890,4137754.0,1,1,0
2022-01-12,2476447.0,1804239,4280686.0,1,2,0
2022-01-13,2520945.0,1835001,4355946.0,1,3,0
2022-01-14,2536493.0,1855444,4391937.0,1,4,0
2022-01-15,2395055.0,1750000,4145055.0,1,5,1
2022-01-16,2357374.0,1697047,4054421.0,1,6,1
2022-01-17,2412779.0,1792402,4205181.0,1,0,0
2022-01-18,2397218.0,1803153,4200371.0,1,1,0
2022-01-19,2366628.0,1799549,4166177.0,1,2,0
2022-01-20,2339215.0,1772340,4111555.0,1,3,0
2022-01-21,2414046.0,1806428,4220474.0,1,4,0
2022-01-22,2262902.0,1689398,3952300.0,1,5,1
2022-01-23,2200524.0,1619307,3819831.0,1,6,1
2022-01-24,2455674.0,1797160,4252834.0,1,0,0
2022-01-25,2597252.0,1867395,4464647.0,1,1,0
2022-01-26,2568583.0,1881184,4449767.0,1,2,0
2022-01-27,2526454.0,1860252,4386706.0,1,3,0
2022-01-28,2370753.0,1784833,4155586.0,1,4,0
2022-01-29,2006397.0,1611244,3617641.0,1,5,1
2022-01-30,1924468.0,1491488,3415956.0,1,6,1
2022-01-31,2111758.0,1680959,3792717.0,1,0,0
2022-02-01,2176366.0,1725113,3901479.0,2,1,0
2022-02-02,1951394.0,1615525,3566919.0,2,2,0
2022-02-03,1993737.0,1623604,3617341.0,2,3,0
2022-02-04,1943910.0,1597367,3541277.0,2,4,0
2022-02-05,1813521.0,1491599,3305120.0,2,5,1
2022-02-06,1701798.0,1478046,3179844.0,2,6,1
2022-02-07,1942383.0,1557990,3500373.0,2,0,0
2022-02-08,1983758.0,1597805,3581563.0,2,1,0
2022-02-09,1970161.0,1589575,3559736.0,2,2,0
2022-02-10,1959131.0,1580232,3539363.0,2,3,0
2022-02-11,2048372.0,1601721,3650093.0,2,4,0
2022-02-12,2006227.0,1545320,3551547.0,2,5,1
2022-02-13,1700888.0,1459904,3160792.0,2,6,1
2022-02-14,1805214.0,1553108,3358322.0,2,0,0
2022-02-15,1876488.0,1608384,3484872.0,2,1,0
2022-02-16,1603283.0,1566414,3169697.0,2,2,0
2022-02-17,1510470.0,1461773,2972243.0,2,3,0
2022-02-18,1508349.0,1442181,2950530.0,2,4,0
2022-02-19,1539686.0,1404949,2944635.0,2,5,1
2022-02-20,1429922.0,1349961,2779883.0,2,6,1
2022-02-21,1710338.0,1523704,3234042.0,2,0,0
2022-02-22,1736929.0,1532065,3268994.0,2,1,0
2022-02-23,1731832.0,1494331,3226163.0,2,2,0
2022-02-24,1682798.0,1517629,3200427.0,2,3,0
2022-02-25,1830260.0,1552536,3382796.0,2,4,0
2022-02-26,1817825.0,1458114,3275939.0,2,5,1
2022-02-27,1681019.0,1422852,3103871.0,2,6,1
2022-02-28,1731065.0,1349684,3080749.0,2,0,0
2022-03-01,1946159.0,1535204,3481363.0,3,1,0
2022-03-02,1845211.0,1515409,3360620.0,3,2,0
2022-03-03,1728283.0,1480822,3209105.0,3,3,0
2022-03-04,1721135.0,1477979,3199114.0,3,4,0
2022-03-05,1619973.0,1401940,3021913.0,3,5,1
2022-03-06,1703844.0,1402576,3106420.0,3,6,1
2022-03-07,2127338.0,1615135,3742473.0,3,0,0
2022-03-08,1995510.0,1612547,3608057.0,3,1,0
2022-03-09,1806125.0,1525100,3331225.0,3,2,0
2022-03-10,1618115.0,1464539,3082654.0,3,3,0
2022-03-11,1513955.0,1454844,2968799.0,3,4,0
2022-03-12,1394811.0,1340386,2735197.0,3,5,1
2022-03-13,1382413.0,1314799,2697212.0,3,6,1
2022-03-14,1661551.0,1446799,3108350.0,3,0,0
2022-03-15,1587754.0,1414674,3002428.0,3,1,0
2022-03-16,1541661.0,1396957,2938618.0,3,2,0
2022-03-17,1613676.0,1424282,3037958.0,3,3,0
2022-03-18,1575402.0,1437769,3013171.0,3,4,0
2022-03-19,1256686.0,1287938,2544624.0,3,5,1
2022-03-20,1351694.0,1231337,2583031.0,3,6,1
2022-03-21,1445413.0,1330685,2776098.0,3,0,0
2022-03-22,1399858.0,1331095,2730953.0,3,1,0
2022-03-23,1412970.0,1335938,2748908.0,3,2,0
2022-03-24,1375081.0,1322308,2697389.0,3,3,0
2022-03-25,1303860.0,1276116,2579976.0,3,4,0
2022-03-26,1078636.0,1141901,2220537.0,3,5,1
2022-03-27,966721.0,1081077,2047798.0,3,6,1
2022-03-28,1197803.0,1209416,2407219.0,3,0,0
2022-03-29,1224735.0,1232886,2457621.0,3,1,0
2022-03-30,1354277.0,1284068,2638345.0,3,2,0
2022-03-31,1607923.0,1379159,2987082.0,3,3,0
2022-04-01,2005726.0,1561777,3567503.0,4,4,0
2022-04-02,1945229.0,1505368,3450597.0,4,5,1
2022-04-03,1845866.0,1449956,3295822.0,4,6,1
2022-04-04,1985162.0,1557351,3542513.0,4,0,0
2022-04-05,1720045.0,1487199,3207244.0,4,1,0
2022-04-06,1551707.0,1431572,2983279.0,4,2,0
2022-04-07,1378681.0,1403526,2782207.0,4,3,0
2022-04-08,1542501.0,1396961,2939462.0,4,4,0
2022-04-09,1510997.0,1299474,2810471.0,4,5,1
2022-04-10,1367067.0,1236460,2603527.0,4,6,1
2022-04-11,1274855.0,1300058,2574913.0,4,0,0
2022-04-12,1115219.0,1248968,2364187.0,4,1,0
2022-04-13,1127315.0,1231934,2359249.0,4,2,0
2022-04-14,1033994.0,1189276,2223270.0,4,3,0
2022-04-15,864904.0,1128624,1993528.0,4,4,0
2022-04-16,695745.0,1009084,1704829.0,4,5,1
2022-04-17,673026.0,957021,1630047.0,4,6,1
2022-04-18,756877.0,982547,1739424.0,4,0,0
2022-04-19,1025035.0,1141118,2166153.0,4,1,0
2022-04-20,1065511.0,1181117,2246628.0,4,2,0
2022-04-21,1010038.0,1173821,2183859.0,4,3,0
2022-04-22,962565.0,1142748,2105313.0,4,4,0
2022-04-23,736377.0,1051171,1787548.0,4,5,1
2022-04-24,758276.0,1021611,1779887.0,4,6,1
2022-04-25,1029845.0,1161817,2191662.0,4,0,0
2022-04-26,1109178.0,1175976,2285154.0,4,1,0
2022-04-27,1084147.0,1161317,2245464.0,4,2,0
2022-04-28,1014106.0,1145840,2159946.0,4,3,0
2022-04-29,959973.0,1122651,2082624.0,4,4,0
2022-04-30,853725.0,1013058,1866783.0,4,5,1
2022-05-01,770499.0,952661,1723160.0,5,6,1
2022-05-02,907582.0,1101873,2009455.0,5,0,0
2022-05-03,963589.0,1133300,2096889.0,5,1,0
2022-05-04,976974.0,1143500,2120474.0,5,2,0
2022-05-05,964599.0,1149326,2113925.0,5,3,0
2022-05-06,922745.0,1133849,2056594.0,5,4,0
2022-05-07,726716.0,1001203,1727919.0,5,5,1
2022-05-08,637453.0,943445,1580898.0,5,6,1
2022-05-09,815134.0,1084258,1899392.0,5,0,0
2022-05-10,798258.0,1101195,1899453.0,5,1,0
2022-05-11,758111.0,1101472,1859583.0,5,2,0
2022-05-12,808701.0,1101898,1910599.0,5,3,0
2022-05-13,785485.0,1089277,1874762.0,5,4,0
2022-05-14,624633.0,975633,1600266.0,5,5,1
2022-05-15,549982.0,921792,1471774.0,5,6,1
2022-05-16,747212.0,1071927,1819139.0,5,0,0
2022-05-17,767204.0,1104231,1871435.0,5,1,0
2022-05-18,732688.0,1119604,1852292.0,5,2,0
2022-05-19,729048.0,1117037,1846085.0,5,3,0
2022-05-20,750659.0,1100038,1850697.0,5,4,0
2022-05-21,561282.0,982089,1543371.0,5,5,1
2022-05-22,540338.0,931611,1471949.0,5,6,1
2022-05-23,715679.0,1076578,1792257.0,5,0,0
2022-05-24,728638.0,1079195,1807833.0,5,1,0
2022-05-25,726719.0,1084358,1811077.0,5,2,0
2022-05-26,540761.0,966549,1507310.0,5,3,0
2022-05-27,547886.0,1001586,1549472.0,5,4,0
2022-05-28,519786.0,952171,1471957.0,5,5,1
2022-05-29,539376.0,913188,1452564.0,5,6,1
2022-05-30,726634.0,1070516,1797150.0,5,0,0
2022-05-31,733639.0,1099212,1832851.0,5,1,0
2022-06-01,750616.0,1105479,1856095.0,6,2,0
2022-06-02,683999.0,1107507,1791506.0,6,3,0
2022-06-03,696287.0,1097023,1793310.0,6,4,0
2022-06-04,558677.0,984861,1543538.0,6,5,1
2022-06-05,494959.0,914000,1408959.0,6,6,1
2022-06-06,540075.0,952477,1492552.0,6,0,0
2022-06-07,694327.0,1078412,1772739.0,6,1,0
2022-06-08,763455.0,1094864,1858319.0,6,2,0
2022-06-09,759106.0,1092242,1851348.0,6,3,0
2022-06-10,713255.0,1090819,1804074.0,6,4,0
2022-06-11,518129.0,983535,1501664.0,6,5,1
2022-06-12,481318.0,937188,1418506.0,6,6,1
2022-06-13,680874.0,1085482,1766356.0,6,0,0
2022-06-14,694985.0,1125221,1820206.0,6,1,0
2022-06-15,698699.0,1151881,1850580.0,6,2,0
2022-06-16,698316.0,1161565,1859881.0,6,3,0
2022-06-17,670256.0,1165879,1836135.0,6,4,0
2022-06-18,567780.0,1059039,1626819.0,6,5,1
2022-06-19,443385.0,978492,1421877.0,6,6,1
2022-06-20,636294.0,1114525,1750819.0,6,0,0
2022-06-21,641851.0,1133873,1775724.0,6,1,0
2022-06-22,671566.0,1133165,1804731.0,6,2,0
2022-06-23,663339.0,1126375,1789714.0,6,3,0
2022-06-24,649454.0,1092403,1741857.0,6,4,0
2022-06-25,525060.0,970411,1495471.0,6,5,1
2022-06-26,482018.0,929042,1411060.0,6,6,1
2022-06-27,666799.0,1072448,1739247.0,6,0,0
2022-06-28,685023.0,1096407,1781430.0,6,1,0
2022-06-29,679809.0,1108909,1788718.0,6,2,0
2022-06-30,706294.0,1107408,1813702.0,6,3,0
2022-07-01,690664.0,1079794,1770458.0,7,4,0
2022-07-02,509992.0,979380,1489372.0,7,5,1
2022-07-03,452556.0,912473,1365029.0,7,6,1
2022-07-04,646383.0,1092748,1739131.0,7,0,0
2022-07-05,680690.0,1123902,1804592.0,7,1,0
2022-07-06,671223.0,1121424,1792647.0,7,2,0
2022-07-07,715779.0,1132989,1848768.0,7,3,0
2022-07-08,711092.0,1126093,1837185.0,7,4,0
2022-07-09,533899.0,1016369,1550268.0,7,5,1
2022-07-10,466143.0,958322,1424465.0,7,6,1
2022-07-11,662407.0,1125445,1787852.0,7,0,0
2022-07-12,685910.0,1167187,1853097.0,7,1,0
2022-07-13,680949.0,1171772,1852721.0,7,2,0
2022-07-14,599321.0,1039504,1638825.0,7,3,0
2022-07-15,620805.0,1079767,1700572.0,7,4,0
2022-07-16,545417.0,1016859,1562276.0,7,5,1
2022-07-17,483595.0,979315,1462910.0,7,6,1
2022-07-18,651746.0,1161916,1813662.0,7,0,0
2022-07-19,685486.0,1192773,1878259.0,7,1,0
2022-07-20,712007.0,1167754,1879761.0,7,2,0
2022-07-21,718970.0,1158026,1876996.0,7,3,0
2022-07-22,696321.0,1143464,1839785.0,7,4,0
2022-07-23,580396.0,1016854,1597250.0,7,5,1
2022-07-24,507666.0,975615,1483281.0,7,6,1
2022-07-25,633890.0,1108945,1742835.0,7,0,0
2022-07-26,668011.0,1110562,1778573.0,7,1,0
2022-07-27,668869.0,1100930,1769799.0,7,2,0
2022-07-28,657606.0,1102566,1760172.0,7,3,0
2022-07-29,622684.0,1076722,1699406.0,7,4,0
2022-07-30,525757.0,975420,1501177.0,7,5,1
2022-07-31,493355.0,931766,1425121.0,7,6,1
2022-08-01,564729.0,1049193,1613922.0,8,0,0
2022-08-02,573161.0,1076785,1649946.0,8,1,0
2022-08-03,576553.0,1094998,1671551.0,8,2,0
2022-08-04,582840.0,1087394,1670234.0,8,3,0
2022-08-05,567879.0,1051746,1619625.0,8,4,0
2022-08-06,446420.0,957715,1404135.0,8,5,1
2022-08-07,400089.0,908336,1308425.0,8,6,1
2022-08-08,507415.0,1008314,1515729.0,8,0,0
2022-08-09,535372.0,1031709,1567081.0,8,1,0
2022-08-10,530505.0,1040490,1570995.0,8,2,0
2022-08-11,536488.0,1050209,1586697.0,8,3,0
2022-08-12,521077.0,1051871,1572948.0,8,4,0
2022-08-13,473858.0,967522,1441380.0,8,5,1
2022-08-14,437873.0,893020,1330893.0,8,6,1
2022-08-15,477248.0,903962,1381210.0,8,0,0
2022-08-16,543378.0,1002714,1546092.0,8,1,0
2022-08-17,568460.0,997786,1566246.0,8,2,0
2022-08-18,586114.0,996110,1582224.0,8,3,0
2022-08-19,596980.0,996326,1593306.0,8,4,0
2022-08-20,541099.0,931387,1472486.0,8,5,1
2022-08-21,465415.0,891326,1356741.0,8,6,1
2022-08-22,615960.0,1026414,1642374.0,8,0,0
2022-08-23,643875.0,1070578,1714453.0,8,1,0
2022-08-24,650133.0,1089484,1739617.0,8,2,0
2022-08-25,646574.0,1092590,1739164.0,8,3,0
2022-08-26,663510.0,1075675,1739185.0,8,4,0
2022-08-27,588521.0,964406,1552927.0,8,5,1
2022-08-28,532703.0,915855,1448558.0,8,6,1
2022-08-29,652711.0,1070642,1723353.0,8,0,0
2022-08-30,676437.0,1104272,1780709.0,8,1,0
2022-08-31,679295.0,1100460,1779755.0,8,2,0
2022-09-01,683806.0,1103551,1787357.0,9,3,0
2022-09-02,703020.0,1080046,1783066.0,9,4,0
2022-09-03,613700.0,963215,1576915.0,9,5,1
2022-09-04,577326.0,927677,1505003.0,9,6,1
2022-09-05,679703.0,1082674,1762377.0,9,0,0
2022-09-06,734464.0,1098050,1832514.0,9,1,0
2022-09-07,749438.0,1089818,1839256.0,9,2,0
2022-09-08,727430.0,1074004,1801434.0,9,3,0
2022-09-09,706805.0,1064792,1771597.0,9,4,0
2022-09-10,594125.0,954082,1548207.0,9,5,1
2022-09-11,570059.0,911115,1481174.0,9,6,1
2022-09-12,676490.0,1064925,1741415.0,9,0,0
2022-09-13,678770.0,1100398,1779168.0,9,1,0
2022-09-14,698828.0,1096852,1795680.0,9,2,0
2022-09-15,719025.0,1083342,1802367.0,9,3,0
2022-09-16,701351.0,1063574,1764925.0,9,4,0
2022-09-17,584574.0,947413,1531987.0,9,5,1
2022-09-18,543379.0,907529,1450908.0,9,6,1
2022-09-19,721447.0,1050258,1771705.0,9,0,0
2022-09-20,798633.0,1080565,1879198.0,9,1,0
2022-09-21,823724.0,1080289,1904013.0,9,2,0
2022-09-22,852910.0,1084696,1937606.0,9,3,0
2022-09-23,822579.0,1075629,1898208.0,9,4,0
2022-09-24,706099.0,963635,1669734.0,9,5,1
2022-09-25,693071.0,920503,1613574.0,9,6,1
2022-09-26,826052.0,1087641,1913693.0,9,0,0
2022-09-27,901890.0,1125200,2027090.0,9,1,0
2022-09-28,939347.0,1125625,2064972.0,9,2,0
2022-09-29,968507.0,1118769,2087276.0,9,3,0
2022-09-30,964005.0,1122802,2086807.0,9,4,0
2022-10-01,700863.0,1015169,1716032.0,10,5,1
2022-10-02,647126.0,943218,1590344.0,10,6,1
2022-10-03,901952.0,1082905,1984857.0,10,0,0
2022-10-04,966021.0,1107525,2073546.0,10,1,0
2022-10-05,827703.0,1100679,1928382.0,10,2,0
2022-10-06,868490.0,1092768,1961258.0,10,3,0
2022-10-07,923378.0,1087117,2010495.0,10,4,0
2022-10-08,779601.0,977582,1757183.0,10,5,1
2022-10-09,738384.0,944616,1683000.0,10,6,1
2022-10-10,879365.0,1077644,1957009.0,10,0,0
2022-10-11,937599.0,1098321,2035920.0,10,1,0
2022-10-12,985912.0,1111523,2097435.0,10,2,0
2022-10-13,1000946.0,1115018,2115964.0,10,3,0
2022-10-14,957039.0,1098603,2055642.0,10,4,0
2022-10-15,790449.0,976345,1766794.0,10,5,1
2022-10-16,710346.0,930450,1640796.0,10,6,1
2022-10-17,830201.0,1054842,1885043.0,10,0,0
2022-10-18,844755.0,1067571,1912326.0,10,1,0
2022-10-19,925417.0,1071907,1997324.0,10,2,0
2022-10-20,916715.0,1071050,1987765.0,10,3,0
2022-10-21,896760.0,1062129,1958889.0,10,4,0
2022-10-22,783881.0,955733,1739614.0,10,5,1
2022-10-23,703796.0,909998,1613794.0,10,6,1
2022-10-24,810188.0,1055107,1865295.0,10,0,0
2022-10-25,888807.0,1073723,1962530.0,10,1,0
2022-10-26,867375.0,1068347,1935722.0,10,2,0
2022-10-27,840175.0,1063934,1904109.0,10,3,0
2022-10-28,830687.0,1050893,1881580.0,10,4,0
2022-10-29,744192.0,936726,1680918.0,10,5,1
2022-10-30,769621.0,897770,1667391.0,10,6,1
2022-10-31,834764.0,978059,1812823.0,10,0,0
2022-11-01,751696.0,947582,1699278.0,11,1,0
2022-11-02,1019199.0,1084256,2103455.0,11,2,0
2022-11-03,1099000.0,1136644,2235644.0,11,3,0
2022-11-04,1207496.0,1167102,2374598.0,11,4,0
2022-11-05,1209001.0,1098898,2307899.0,11,5,1
2022-11-06,1092835.0,1072835,2165670.0,11,6,1
2022-11-07,1202109.0,1184605,2386714.0,11,0,0
2022-11-08,1139641.0,1197574,2337215.0,11,1,0
2022-11-09,1210998.0,1196109,2407107.0,11,2,0
2022-11-10,1331213.0,1212803,2544016.0,11,3,0
2022-11-11,1232938.0,1094249,2327187.0,11,4,0
2022-11-12,1209577.0,1076357,2285934.0,11,5,1
2022-11-13,1219399.0,1056070,2275469.0,11,6,1
2022-11-14,1392672.0,1227041,2619713.0,11,0,0
2022-11-15,1326859.0,1248438,2575297.0,11,1,0
2022-11-16,1238479.0,1253059,2491538.0,11,2,0
2022-11-17,1174188.0,1246661,2420849.0,11,3,0
2022-11-18,1391629.0,1269830,2661459.0,11,4,0
2022-11-19,1377753.0,1205863,2583616.0,11,5,1
2022-11-20,1406476.0,1187153,2593629.0,11,6,1
2022-11-21,1607875.0,1373727,2981602.0,11,0,0
2022-11-22,1651206.0,1408149,3059355.0,11,1,0
2022-11-23,1518203.0,1397733,2915936.0,11,2,0
2022-11-24,1510053.0,1376645,2886698.0,11,3,0
2022-11-25,1529126.0,1348355,2877481.0,11,4,0
2022-11-26,1520656.0,1278308,2798964.0,11,5,1
2022-11-27,1365501.0,1243264,2608765.0,11,6,1
2022-11-28,1660871.0,1370754,3031625.0,11,0,0
2022-11-29,1832377.0,1443774,3276151.0,11,1,0
2022-11-30,1912597.0,1476882,3389479.0,11,2,0
2022-12-01,1986596.0,1518682,3505278.0,12,3,0
2022-12-02,2041375.0,1546565,3587940.0,12,4,0
2022-12-03,1920883.0,1453706,3374589.0,12,5,1
2022-12-04,1937124.0,1482981,3420105.0,12,6,1
2022-12-05,2150203.0,1596970,3747173.0,12,0,0
2022-12-06,2107137.0,1559642,3666779.0,12,1,0
2022-12-07,2175552.0,1626385,3801937.0,12,2,0
2022-12-08,2258308.0,1661535,3919843.0,12,3,0
2022-12-09,2271222.0,1651229,3922451.0,12,4,0
2022-12-10,2138863.0,1581217,3720080.0,12,5,1
2022-12-11,2317534.0,1619958,3937492.0,12,6,1
2022-12-12,2579849.0,1821032,4400881.0,12,0,0
2022-12-13,2613497.0,1818200,4431697.0,12,1,0
2022-12-14,2416551.0,1717989,4134540.0,12,2,0
2022-12-15,2434163.0,1714504,4148667.0,12,3,0
2022-12-16,2460084.0,1716637,4176721.0,12,4,0
2022-12-17,2407329.0,1690843,4098172.0,12,5,1
2022-12-18,2238838.0,1627273,3866111.0,12,6,1
2022-12-19,1815148.0,1532931,3348079.0,12,0,0
2022-12-20,1559425.0,1427551,2986976.0,12,1,0
2022-12-21,1480035.0,1366996,2847031.0,12,2,0
2022-12-22,1351791.0,1327591,2679382.0,12,3,0
2022-12-23,1189076.0,1229981,2419057.0,12,4,0
2022-12-24,1036052.0,1125065,2161117.0,12,5,1
2022-12-25,1005096.0,1064310,2069406.0,12,6,1
2022-12-26,1149204.0,1179025,2328229.0,12,0,0
2022-12-27,1337606.0,1286507,2624113.0,12,1,0
2022-12-28,1286236.0,1293974,2580210.0,12,2,0
2022-12-29,1220216.0,1256568,2476784.0,12,3,0
2022-12-30,1232728.0,1256888,2489616.0,12,4,0
2022-12-31,966252.0,1110801,2077053.0,12,5,1
2023-01-01,959147.0,1036140,1995287.0,1,6,1
2023-01-02,1271895.0,1197460,2469355.0,1,0,0
2023-01-03,1508998.0,1346424,2855422.0,1,1,0
2023-01-04,1351558.0,1368570,2720128.0,1,2,0
2023-01-05,1372890.0,1331951,2704841.0,1,3,0
2023-01-06,1301921.0,1328097,2630018.0,1,4,0
2023-01-07,1197765.0,1223237,2421002.0,1,5,1
2023-01-08,1269664.0,1196293,2465957.0,1,6,1
2023-01-09,1634009.0,1418461,3052470.0,1,0,0
2023-01-10,1561892.0,1469592,3031484.0,1,1,0
2023-01-11,1449016.0,1415898,2864914.0,1,2,0
2023-01-12,1421720.0,1419136,2840856.0,1,3,0
2023-01-13,1427260.0,1395488,2822748.0,1,4,0
2023-01-14,1291907.0,1285734,2577641.0,1,5,1
2023-01-15,1446513.0,1282499,2729012.0,1,6,1
2023-01-16,1907072.0,1525493,3432565.0,1,0,0
2023-01-17,2110711.0,1621794,3732505.0,1,1,0
2023-01-18,2149901.0,1689449,3839350.0,1,2,0
2023-01-19,2193924.0,1711903,3905827.0,1,3,0
2023-01-20,2242801.0,1728706,3971507.0,1,4,0
2023-01-21,2157898.0,1627883,3785781.0,1,5,1
2023-01-22,2251091.0,1663330,3914421.0,1,6,1
2023-01-23,2442007.0,1812701,4254708.0,1,0,0
2023-01-24,2389948.0,1794277,4184225.0,1,1,0
2023-01-25,2394197.0,1808871,4203068.0,1,2,0
2023-01-26,2296329.0,1784651,4080980.0,1,3,0
2023-01-27,2247152.0,1731181,3978333.0,1,4,0
2023-01-28,2168121.0,1619406,3787527.0,1,5,1
2023-01-29,2102286.0,1581589,3683875.0,1,6,1
2023-01-30,2136824.0,1695041,3831865.0,1,0,0
2023-01-31,1891689.0,1617243,3508932.0,1,1,0
2023-02-01,1885060.0,1587956,3473016.0,2,2,0
2023-02-02,1843520.0,1574805,3418325.0,2,3,0
2023-02-03,1714028.0,1540889,3254917.0,2,4,0
2023-02-04,1580979.0,1387230,2968209.0,2,5,1
2023-02-05,1591061.0,1340635,2931696.0,2,6,1
2023-02-06,2009361.0,1556547,3565908.0,2,0,0
2023-02-07,2081258.0,1617883,3699141.0,2,1,0
2023-02-08,2180877.0,1677074,3857951.0,2,2,0
2023-02-09,2219259.0,1713828,3933087.0,2,3,0
2023-02-10,2054708.0,1649112,3703820.0,2,4,0
2023-02-11,1811486.0,1498950,3310436.0,2,5,1
2023-02-12,1783396.0,1408896,3192292.0,2,6,1
2023-02-13,1933945.0,1550387,3484332.0,2,0,0
2023-02-14,1905417.0,1535275,3440692.0,2,1,0
2023-02-15,1819845.0,1503783,3323628.0,2,2,0
2023-02-16,1589586.0,1454324,3043910.0,2,3,0
2023-02-17,1436947.0,1382352,2819299.0,2,4,0
2023-02-18,1292788.0,1245039,2537827.0,2,5,1
2023-02-19,1324388.0,1190991,2515379.0,2,6,1
2023-02-20,1652031.0,1374389,3026420.0,2,0,0
2023-02-21,1635244.0,1399509,3034753.0,2,1,0
2023-02-22,1659792.0,1402039,3061831.0,2,2,0
2023-02-23,1688337.0,1433933,3122270.0,2,3,0
2023-02-24,1687117.0,1411963,3099080.0,2,4,0
2023-02-25,1688667.0,1360472,3049139.0,2,5,1
2023-02-26,1865715.0,1423576,3289291.0,2,6,1
2023-02-27,2236417.0,1664917,3901334.0,2,0,0
2023-02-28,2278608.0,1703508,3982116.0,2,1,0
2023-03-01,2213077.0,1675855,3888932.0,3,2,0
2023-03-02,2100181.0,1639856,3740037.0,3,3,0
2023-03-03,2005430.0,1587579,3593009.0,3,4,0
2023-03-04,1838016.0,1458668,3296684.0,3,5,1
2023-03-05,1821907.0,1391894,3213801.0,3,6,1
2023-03-06,1932894.0,1545788,3478682.0,3,0,0
2023-03-07,1796793.0,1522697,3319490.0,3,1,0
2023-03-08,1583734.0,1448316,3032050.0,3,2,0
2023-03-09,1444473.0,1355612,2800085.0,3,3,0
2023-03-10,1585396.0,1386764,2972160.0,3,4,0
2023-03-11,1404228.0,1276293,2680521.0,3,5,1
2023-03-12,1121986.0,1152760,2274746.0,3,6,1
2023-03-13,1154909.0,1232035,2386944.0,3,0,0
2023-03-14,1464354.0,1309520,2773874.0,3,1,0
2023-03-15,1481720.0,1342362,2824082.0,3,2,0
2023-03-16,1264394.0,1300533,2564927.0,3,3,0
2023-03-17,1196299.0,1246278,2442577.0,3,4,0
2023-03-18,1074787.0,1123630,2198417.0,3,5,1
2023-03-19,1229221.0,1097065,2326286.0,3,6,1
2023-03-20,1359269.0,1255414,2614683.0,3,0,0
2023-03-21,1245439.0,1245889,2491328.0,3,1,0
2023-03-22,1153232.0,1244031,2397263.0,3,2,0
2023-03-23,1017552.0,1192682,2210234.0,3,3,0
2023-03-24,1045363.0,1191295,2236658.0,3,4,0
2023-03-25,936530.0,1116883,2053413.0,3,5,1
2023-03-26,1079359.0,1103455,2182814.0,3,6,1
2023-03-27,1438267.0,1280392,2718659.0,3,0,0
2023-03-28,1383461.0,1320515,2703976.0,3,1,0
2023-03-29,1099135.0,1225105,2324240.0,3,2,0
2023-03-30,956658.0,1170654,2127312.0,3,3,0
2023-03-31,1019489.0,1194048,2213537.0,3,4,0
2023-04-01,935793.0,1133089,2068882.0,4,5,1
2023-04-02,1088922.0,1136505,2225427.0,4,6,1
2023-04-03,1332080.0,1299374,2631454.0,4,0,0
2023-04-04,1382394.0,1339549,2721943.0,4,1,0
2023-04-05,1289159.0,1338824,2627983.0,4,2,0
2023-04-06,1162280.0,1282010,2444290.0,4,3,0
2023-04-07,1117052.0,1246960,2364012.0,4,4,0
2023-04-08,982090.0,1130203,2112293.0,4,5,1
2023-04-09,795270.0,1034558,1829828.0,4,6,1
2023-04-10,787514.0,1038429,1825943.0,4,0,0
2023-04-11,1031272.0,1189842,2221114.0,4,1,0
2023-04-12,1104012.0,1241270,2345282.0,4,2,0
2023-04-13,1189822.0,1270736,2460558.0,4,3,0
2023-04-14,1217814.0,1290777,2508591.0,4,4,0
2023-04-15,1045563.0,1167013,2212576.0,4,5,1
2023-04-16,1036293.0,1104174,2140467.0,4,6,1
2023-04-17,1149416.0,1220391,2369807.0,4,0,0
2023-04-18,1080663.0,1209867,2290530.0,4,1,0
2023-04-19,985664.0,1171776,2157440.0,4,2,0
2023-04-20,1118621.0,1175035,2293656.0,4,3,0
2023-04-21,1048474.0,1184253,2232727.0,4,4,0
2023-04-22,875562.0,1066991,1942553.0,4,5,1
2023-04-23,846105.0,1028631,1874736.0,4,6,1
2023-04-24,1050245.0,1168122,2218367.0,4,0,0
2023-04-25,1135196.0,1202335,2337531.0,4,1,0
2023-04-26,1081138.0,1196395,2277533.0,4,2,0
2023-04-27,911411.0,1143465,2054876.0,4,3,0
2023-04-28,792134.0,1091852,1883986.0,4,4,0
2023-04-29,690378.0,988931,1679309.0,4,5,1
2023-04-30,626190.0,939489,1565679.0,4,6,1
2023-05-01,662213.0,930696,1592909.0,5,0,0
2023-05-02,809668.0,1080712,1890380.0,5,1,0
2023-05-03,726846.0,1087537,1814383.0,5,2,0
2023-05-04,672133.0,1070750,1742883.0,5,3,0
2023-05-05,702261.0,1057678,1759939.0,5,4,0
2023-05-06,566128.0,948673,1514801.0,5,5,1
2023-05-07,526815.0,900494,1427309.0,5,6,1
2023-05-08,602315.0,923464,1525779.0,5,0,0
2023-05-09,741974.0,1063451,1805425.0,5,1,0
2023-05-10,797977.0,1095474,1893451.0,5,2,0
2023-05-11,810428.0,1101123,1911551.0,5,3,0
2023-05-12,780947.0,1101697,1882644.0,5,4,0
2023-05-13,593020.0,989675,1582695.0,5,5,1
2023-05-14,579973.0,943875,1523848.0,5,6,1
2023-05-15,722373.0,1077006,1799379.0,5,0,0
2023-05-16,751120.0,1110067,1861187.0,5,1,0
2023-05-17,717944.0,1101358,1819302.0,5,2,0
2023-05-18,606335.0,978997,1585332.0,5,3,0
2023-05-19,591756.0,998212,1589968.0,5,4,0
2023-05-20,498579.0,943023,1441602.0,5,5,1
2023-05-21,502288.0,905363,1407651.0,5,6,1
2023-05-22,605091.0,1029644,1634735.0,5,0,0
2023-05-23,618730.0,1050270,1669000.0,5,1,0
2023-05-24,631129.0,1083760,1714889.0,5,2,0
2023-05-25,607112.0,1052985,1660097.0,5,3,0
2023-05-26,561171.0,1036814,1597985.0,5,4,0
2023-05-27,465796.0,924983,1390779.0,5,5,1
2023-05-28,412654.0,867662,1280316.0,5,6,1
2023-05-29,445280.0,904125,1349405.0,5,0,0
2023-05-30,548873.0,1023328,1572201.0,5,1,0
2023-05-31,573232.0,1044700,1617932.0,5,2,0
2023-06-01,578057.0,1052103,1630160.0,6,3,0
2023-06-02,585493.0,1039013,1624506.0,6,4,0
2023-06-03,457923.0,928873,1386796.0,6,5,1
2023-06-04,471813.0,878114,1349927.0,6,6,1
2023-06-05,615286.0,1017339,1632625.0,6,0,0
2023-06-06,630174.0,1036336,1666510.0,6,1,0
2023-06-07,624446.0,1046256,1670702.0,6,2,0
2023-06-08,574702.0,1055307,1630009.0,6,3,0
2023-06-09,551873.0,1049176,1601049.0,6,4,0
2023-06-10,412626.0,943238,1355864.0,6,5,1
2023-06-11,433338.0,899095,1332433.0,6,6,1
2023-06-12,568263.0,1036191,1604454.0,6,0,0
2023-06-13,583964.0,1055044,1639008.0,6,1,0
2023-06-14,636079.0,1061937,1698016.0,6,2,0
2023-06-15,628129.0,1065766,1693895.0,6,3,0
2023-06-16,578757.0,1059448,1638205.0,6,4,0
2023-06-17,474821.0,955386,1430207.0,6,5,1
2023-06-18,454546.0,900839,1355385.0,6,6,1
2023-06-19,579823.0,1037820,1617643.0,6,0,0
2023-06-20,600126.0,1064809,1664935.0,6,1,0
2023-06-21,590808.0,1072538,1663346.0,6,2,0
2023-06-22,593814.0,1068951,1662765.0,6,3,0
2023-06-23,567336.0,1053853,1621189.0,6,4,0
2023-06-24,432475.0,953423,1385898.0,6,5,1
2023-06-25,402065.0,916814,1318879.0,6,6,1
2023-06-26,553990.0,1055191,1609181.0,6,0,0
2023-06-27,582665.0,1065470,1648135.0,6,1,0
2023-06-28,636688.0,1073640,1710328.0,6,2,0
2023-06-29,642669.0,1083173,1725842.0,6,3,0
2023-06-30,570436.0,1044717,1615153.0,6,4,0
2023-07-01,392048.0,942237,1334285.0,7,5,1
2023-07-02,385070.0,896254,1281324.0,7,6,1
2023-07-03,517945.0,1041772,1559717.0,7,0,0
2023-07-04,583968.0,1075031,1658999.0,7,1,0
2023-07-05,567385.0,1080279,1647664.0,7,2,0
2023-07-06,628409.0,1085470,1713879.0,7,3,0
2023-07-07,540358.0,1093170,1633528.0,7,4,0
2023-07-08,437224.0,1000762,1437986.0,7,5,1
2023-07-09,456399.0,946464,1402863.0,7,6,1
2023-07-10,637735.0,1101910,1739645.0,7,0,0
2023-07-11,625828.0,1141498,1767326.0,7,1,0
2023-07-12,640917.0,1113532,1754449.0,7,2,0
2023-07-13,631237.0,1090552,1721789.0,7,3,0
2023-07-14,442606.0,967890,1410496.0,7,4,0
2023-07-15,365323.0,960065,1325388.0,7,5,1
2023-07-16,414181.0,919258,1333439.0,7,6,1
2023-07-17,582961.0,1072062,1655023.0,7,0,0
2023-07-18,651965.0,1116979,1768944.0,7,1,0
2023-07-19,626902.0,1116822,1743724.0,7,2,0
2023-07-20,639295.0,1105979,1745274.0,7,3,0
2023-07-21,577095.0,1080870,1657965.0,7,4,0
2023-07-22,398544.0,964785,1363329.0,7,5,1
2023-07-23,378667.0,925676,1304343.0,7,6,1
2023-07-24,527614.0,1048288,1575902.0,7,0,0
2023-07-25,575233.0,1047918,1623151.0,7,1,0
2023-07-26,565766.0,1041962,1607728.0,7,2,0
2023-07-27,527350.0,1053474,1580824.0,7,3,0
2023-07-28,515450.0,1040354,1555804.0,7,4,0
2023-07-29,387983.0,938917,1326900.0,7,5,1
2023-07-30,344362.0,885521,1229883.0,7,6,1
2023-07-31,436709.0,986519,1423228.0,7,0,0
2023-08-01,443794.0,1003947,1447741.0,8,1,0
2023-08-02,416166.0,1020166,1436332.0,8,2,0
2023-08-03,604600.0,998196,1602796.0,8,3,0
2023-08-04,497171.0,964827,1461998.0,8,4,0
2023-08-05,377883.0,894697,1272580.0,8,5,1
2023-08-06,353014.0,859693,1212707.0,8,6,1
2023-08-07,413479.0,938752,1352231.0,8,0,0
2023-08-08,434948.0,956526,1391474.0,8,1,0
2023-08-09,659791.0,963756,1623547.0,8,2,0
2023-08-10,462662.0,977549,1440211.0,8,3,0
2023-08-11,441427.0,987716,1429143.0,8,4,0
2023-08-12,361346.0,917383,1278729.0,8,5,1
2023-08-13,344014.0,869561,1213575.0,8,6,1
2023-08-14,395018.0,933908,1328926.0,8,0,0
2023-08-15,398946.0,899206,1298152.0,8,1,0
2023-08-16,471261.0,974376,1445637.0,8,2,0
2023-08-17,457513.0,1003725,1461238.0,8,3,0
2023-08-18,443024.0,1019507,1462531.0,8,4,0
2023-08-19,382810.0,960384,1343194.0,8,5,1
2023-08-20,391710.0,923928,1315638.0,8,6,1
2023-08-21,530073.0,1063374,1593447.0,8,0,0
2023-08-22,810809.0,1110064,1920873.0,8,1,0
2023-08-23,592630.0,1128559,1721189.0,8,2,0
2023-08-24,577687.0,1129530,1707217.0,8,3,0
2023-08-25,574783.0,1078391,1653174.0,8,4,0
2023-08-26,595806.0,949529,1545335.0,8,5,1
2023-08-27,430846.0,883514,1314360.0,8,6,1
2023-08-28,590091.0,1007370,1597461.0,8,0,0
2023-08-29,915242.0,1034476,1949718.0,8,1,0
2023-08-30,628030.0,1041491,1669521.0,8,2,0
2023-08-31,623960.0,1052962,1676922.0,8,3,0
2023-09-01,580798.0,1050757,1631555.0,9,4,0
2023-09-02,447760.0,951641,1399401.0,9,5,1
2023-09-03,386980.0,914317,1301297.0,9,6,1
2023-09-04,493112.0,1063897,1557009.0,9,0,0
2023-09-05,569047.0,1102738,1671785.0,9,1,0
2023-09-06,597291.0,1108401,1705692.0,9,2,0
2023-09-07,572090.0,1111217,1683307.0,9,3,0
2023-09-08,560475.0,1113989,1674464.0,9,4,0
2023-09-09,452671.0,990705,1443376.0,9,5,1
2023-09-10,418466.0,974644,1393110.0,9,6,1
2023-09-11,570393.0,1078110,1648503.0,9,0,0
2023-09-12,612361.0,1071869,1684230.0,9,1,0
2023-09-13,630115.0,1072763,1702878.0,9,2,0
2023-09-14,593725.0,1071581,1665306.0,9,3,0
2023-09-15,544044.0,1061515,1605559.0,9,4,0
2023-09-16,435726.0,962119,1397845.0,9,5,1
2023-09-17,403323.0,923984,1327307.0,9,6,1
2023-09-18,525214.0,1052485,1577699.0,9,0,0
2023-09-19,533330.0,1060908,1594238.0,9,1,0
2023-09-20,540189.0,1068304,1608493.0,9,2,0
2023-09-21,589598.0,1065630,1655228.0,9,3,0
2023-09-22,597849.0,1043844,1641693.0,9,4,0
2023-09-23,479511.0,934317,1413828.0,9,5,1
2023-09-24,458722.0,897224,1355946.0,9,6,1
2023-09-25,644700.0,1032023,1676723.0,9,0,0
2023-09-26,626715.0,1049668,1676383.0,9,1,0
2023-09-27,618069.0,1058803,1676872.0,9,2,0
2023-09-28,613697.0,1061627,1675324.0,9,3,0
2023-09-29,601671.0,1052558,1654229.0,9,4,0
2023-09-30,492495.0,942360,1434855.0,9,5,1
2023-10-01,481037.0,905343,1386380.0,10,6,1
2023-10-02,639946.0,1050301,1690247.0,10,0,0
2023-10-03,583382.0,1096845,1680227.0,10,1,0
2023-10-04,671838.0,1045408,1717246.0,10,2,0
2023-10-05,729831.0,1065491,1795322.0,10,3,0
2023-10-06,663585.0,1061663,1725248.0,10,4,0
2023-10-07,516352.0,951687,1468039.0,10,5,1
2023-10-08,526272.0,903163,1429435.0,10,6,1
2023-10-09,729302.0,1036291,1765593.0,10,0,0
2023-10-10,670794.0,1061759,1732553.0,10,1,0
2023-10-11,634329.0,1066786,1701115.0,10,2,0
2023-10-12,676520.0,1064939,1741459.0,10,3,0
2023-10-13,558370.0,1055190,1613560.0,10,4,0
2023-10-14,513348.0,947635,1460983.0,10,5,1
2023-10-15,564586.0,921767,1486353.0,10,6,1
2023-10-16,857781.0,1094305,1952086.0,10,0,0
2023-10-17,845542.0,1137144,1982686.0,10,1,0
2023-10-18,775390.0,1144076,1919466.0,10,2,0
2023-10-19,732820.0,1117407,1850227.0,10,3,0
2023-10-20,731010.0,1100753,1831763.0,10,4,0
2023-10-21,679984.0,1010756,1690740.0,10,5,1
2023-10-22,716165.0,967280,1683445.0,10,6,1
2023-10-23,969959.0,1133739,2103698.0,10,0,0
2023-10-24,951471.0,1144915,2096386.0,10,1,0
2023-10-25,938691.0,1160361,2099052.0,10,2,0
2023-10-26,985063.0,1162355,2147418.0,10,3,0
2023-10-27,892712.0,1159558,2052270.0,10,4,0
2023-10-28,799631.0,1065278,1864909.0,10,5,1
2023-10-29,739883.0,1009928,1749811.0,10,6,1
2023-10-30,956346.0,1152764,2109110.0,10,0,0
2023-10-31,965201.0,1167858,2133059.0,10,1,0
2023-11-01,905876.0,1082853,1988729.0,11,2,0
2023-11-02,1070581.0,1192985,2263566.0,11,3,0
2023-11-03,1183326.0,1258064,2441390.0,11,4,0
2023-11-04,1046113.0,1178871,2224984.0,11,5,1
2023-11-05,1017929.0,1107970,2125899.0,11,6,1
2023-11-06,1265850.0,1272536,2538386.0,11,0,0
2023-11-07,1365574.0,1316003,2681577.0,11,1,0
2023-11-08,1289891.0,1357861,2647752.0,11,2,0
2023-11-09,1370743.0,1345005,2715748.0,11,3,0
2023-11-10,1372104.0,1373066,2745170.0,11,4,0
2023-11-11,1276921.0,1221128,2498049.0,11,5,1
2023-11-12,1137711.0,1177337,2315048.0,11,6,1
2023-11-13,1107491.0,1255254,2362745.0,11,0,0
2023-11-14,1177809.0,1259043,2436852.0,11,1,0
2023-11-15,1295098.0,1264930,2560028.0,11,2,0
2023-11-16,1400119.0,1323724,2723843.0,11,3,0
2023-11-17,1427537.0,1312122,2739659.0,11,4,0
2023-11-18,1096412.0,1210983,2307395.0,11,5,1
2023-11-19,1010641.0,1112953,2123594.0,11,6,1
2023-11-20,1343883.0,1294219,2638102.0,11,0,0
2023-11-21,1448583.0,1317147,2765730.0,11,1,0
2023-11-22,1531972.0,1365462,2897434.0,11,2,0
2023-11-23,1417143.0,1421055,2838198.0,11,3,0
2023-11-24,1436892.0,1388546,2825438.0,11,4,0
2023-11-25,1557356.0,1363102,2920458.0,11,5,1
2023-11-26,1669355.0,1392693,3062048.0,11,6,1
2023-11-27,1802528.0,1535992,3338520.0,11,0,0
2023-11-28,1903691.0,1518111,3421802.0,11,1,0
2023-11-29,1990439.0,1571523,3561962.0,11,2,0
2023-11-30,1979370.0,1543632,3523002.0,11,3,0
2023-12-01,2077207.0,1544070,3621277.0,12,4,0
2023-12-02,2068316.0,1547743,3616059.0,12,5,1
2023-12-03,2010854.0,1559299,3570153.0,12,6,1
2023-12-04,2067251.0,1697747,3764998.0,12,0,0
2023-12-05,1961599.0,1584054,3545653.0,12,1,0
2023-12-06,1969475.0,1545023,3514498.0,12,2,0
2023-12-07,2004366.0,1658537,3662903.0,12,3,0
2023-12-08,1732150.0,1522702,3254852.0,12,4,0
2023-12-09,1364833.0,1393044,2757877.0,12,5,1
2023-12-10,1270003.0,1296793,2566796.0,12,6,1
2023-12-11,1455706.0,1368827,2824533.0,12,0,0
2023-12-12,1413834.0,1368959,2782793.0,12,1,0
2023-12-13,1634696.0,1416603,3051299.0,12,2,0
2023-12-14,1742777.0,1478009,3220786.0,12,3,0
2023-12-15,1651796.0,1454635,3106431.0,12,4,0
2023-12-16,1497595.0,1391148,2888743.0,12,5,1
2023-12-17,1625801.0,1440471,3066272.0,12,6,1
2023-12-18,2014161.0,1620833,3634994.0,12,0,0
2023-12-19,1812882.0,1613643,3426525.0,12,1,0
2023-12-20,1599447.0,1537311,3136758.0,12,2,0
2023-12-21,1422627.0,1478491,2901118.0,12,3,0
2023-12-22,1310222.0,1381867,2692089.0,12,4,0
2023-12-23,1175809.0,1261845,2437654.0,12,5,1
2023-12-24,1102741.0,1202872,2305613.0,12,6,1
2023-12-25,1120900.0,1161480,2282380.0,12,0,0
2023-12-26,1241708.0,1276721,2518429.0,12,1,0
2023-12-27,1289450.0,1330247,2619697.0,12,2,0
2023-12-28,1239429.0,1319395,2558824.0,12,3,0
2023-12-29,1202062.0,1295571,2497633.0,12,4,0
2023-12-30,1158244.0,1227390,2385634.0,12,5,1
2023-12-31,1222152.0,1243222,2465374.0,12,6,1
2024-01-01,1261285.0,1238893,2500178.0,1,0,0
2024-01-02,1321485.0,1363466,2684951.0,1,1,0
2024-01-03,1331844.0,1381778,2713622.0,1,2,0
2024-01-04,1460365.0,1394437,2854802.0,1,3,0
2024-01-05,1583693.0,1426924,3010617.0,1,4,0
2024-01-06,1569682.0,1394852,2964534.0,1,5,1
2024-01-07,1805109.0,1448158,3253267.0,1,6,1
2024-01-08,2433734.0,1742229,4175963.0,1,0,0
2024-01-09,2559737.0,1862434,4422171.0,1,1,0
2024-01-10,2565308.0,1878383,4443691.0,1,2,0
2024-01-11,2487588.0,1844104,4331692.0,1,3,0
2024-01-12,2369377.0,1819023,4188400.0,1,4,0
2024-01-13,2276599.0,1735594,4012193.0,1,5,1
2024-01-14,2120219.0,1685554,3805773.0,1,6,1
2024-01-15,2297068.0,1731800,4028868.0,1,0,0
2024-01-16,2319553.0,1777347,4096900.0,1,1,0
2024-01-17,2063030.0,1682521,3745551.0,1,2,0
2024-01-18,2193684.0,1650444,3844128.0,1,3,0
2024-01-19,2394357.0,1787783,4182140.0,1,4,0
2024-01-20,2262329.0,1739882,4002211.0,1,5,1
2024-01-21,1787244.0,1626560,3413804.0,1,6,1
2024-01-22,1627789.0,1605306,3233095.0,1,0,0
2024-01-23,1539502.0,1535141,3074643.0,1,1,0
2024-01-24,1307572.0,1424223,2731795.0,1,2,0
2024-01-25,1367761.0,1393647,2761408.0,1,3,0
2024-01-26,1392682.0,1391154,2783836.0,1,4,0
2024-01-27,1510334.0,1364913,2875247.0,1,5,1
2024-01-28,1458582.0,1351219,2809801.0,1,6,1
2024-01-29,1552866.0,1432659,2985525.0,1,0,0
2024-01-30,1583486.0,1427051,3010537.0,1,1,0
2024-01-31,1549194.0,1455429,3004623.0,1,2,0
2024-02-01,1540115.0,1445037,2985152.0,2,3,0
2024-02-02,1445874.0,1441139,2887013.0,2,4,0
2024-02-03,1288921.0,1327093,2616014.0,2,5,1
2024-02-04,1306210.0,1296067,2602277.0,2,6,1
2024-02-05,1503645.0,1464135,2967780.0,2,0,0
2024-02-06,1434671.0,1481763,2916434.0,2,1,0
2024-02-07,1354587.0,1439209,2793796.0,2,2,0
2024-02-08,1258426.0,1386688,2645114.0,2,3,0
2024-02-09,1209996.0,1350296,2560292.0,2,4,0
2024-02-10,1238071.0,1265749,2503820.0,2,5,1
2024-02-11,1302024.0,1258935,2560959.0,2,6,1
2024-02-12,1649560.0,1425207,3074767.0,2,0,0
2024-02-13,1527789.0,1462581,2990370.0,2,1,0
2024-02-14,1315714.0,1371699,2687413.0,2,2,0
2024-02-15,1147844.0,1314579,2462423.0,2,3,0
2024-02-16,1162673.0,1287631,2450304.0,2,4,0
2024-02-17,1102999.0,1201512,2304511.0,2,5,1
2024-02-18,1146219.0,1195092,2341311.0,2,6,1
2024-02-19,1315717.0,1322204,2637921.0,2,0,0
2024-02-20,1397434.0,1362618,2760052.0,2,1,0
2024-02-21,1356348.0,1397106,2753454.0,2,2,0
2024-02-22,1355743.0,1388430,2744173.0,2,3,0
2024-02-23,1562265.0,1456999,3019264.0,2,4,0
2024-02-24,1464082.0,1377382,2841464.0,2,5,1
2024-02-25,1398609.0,1333885,2732494.0,2,6,1
2024-02-26,1684164.0,1444322,3128486.0,2,0,0
2024-02-27,1810540.0,1487946,3298486.0,2,1,0
2024-02-28,1679762.0,1479550,3159312.0,2,2,0
2024-02-29,1465288.0,1429163,2894451.0,2,3,0
2024-03-01,1451643.0,1430489,2882132.0,3,4,0
2024-03-02,1337386.0,1328939,2666325.0,3,5,1
2024-03-03,1476416.0,1308263,2784679.0,3,6,1
2024-03-04,1704237.0,1459417,3163654.0,3,0,0
2024-03-05,1706282.0,1450903,3157185.0,3,1,0
2024-03-06,1698955.0,1446841,3145796.0,3,2,0
2024-03-07,1505783.0,1433769,2939552.0,3,3,0
2024-03-08,1365074.0,1414973,2780047.0,3,4,0
2024-03-09,1196709.0,1295291,2492000.0,3,5,1
2024-03-10,1267204.0,1242764,2509968.0,3,6,1
2024-03-11,1537609.0,1385695,2923304.0,3,0,0
2024-03-12,1438428.0,1387758,2826186.0,3,1,0
2024-03-13,1231974.0,1315347,2547321.0,3,2,0
2024-03-14,1062457.0,1272016,2334473.0,3,3,0
2024-03-15,997446.0,1224296,2221742.0,3,4,0
2024-03-16,915918.0,1117562,2033480.0,3,5,1
2024-03-17,904983.0,1081117,1986100.0,3,6,1
2024-03-18,1003659.0,1182390,2186049.0,3,0,0
2024-03-19,1013849.0,1192870,2206719.0,3,1,0
2024-03-20,923883.0,1181439,2105322.0,3,2,0
2024-03-21,893442.0,1164651,2058093.0,3,3,0
2024-03-22,894931.0,1148127,2043058.0,3,4,0
2024-03-23,996594.0,1105097,2101691.0,3,5,1
2024-03-24,1084397.0,1125972,2210369.0,3,6,1
2024-03-25,1178630.0,1286528,2465158.0,3,0,0
2024-03-26,1254934.0,1319818,2574752.0,3,1,0
2024-03-27,1292936.0,1358587,2651523.0,3,2,0
2024-03-28,1215132.0,1348479,2563611.0,3,3,0
2024-03-29,1081577.0,1272388,2353965.0,3,4,0
2024-03-30,978789.0,1171659,2150448.0,3,5,1
2024-03-31,944970.0,1114774,2059744.0,3,6,1
2024-04-01,986619.0,1144320,2130939.0,4,0,0
2024-04-02,1040724.0,1282235,2322959.0,4,1,0
2024-04-03,943658.0,1263040,2206698.0,4,2,0
2024-04-04,857959.0,1221242,2079201.0,4,3,0
2024-04-05,738372.0,1164571,1902943.0,4,4,0
2024-04-06,589761.0,1021478,1611239.0,4,5,1
2024-04-07,598489.0,970169,1568658.0,4,6,1
2024-04-08,711044.0,1117461,1828505.0,4,0,0
2024-04-09,913224.0,1187709,2100933.0,4,1,0
2024-04-10,906826.0,1220720,2127546.0,4,2,0
2024-04-11,807959.0,1181067,1989026.0,4,3,0
2024-04-12,679341.0,1116960,1796301.0,4,4,0
2024-04-13,527018.0,971182,1498200.0,4,5,1
2024-04-14,534339.0,915222,1449561.0,4,6,1
2024-04-15,762619.0,1080698,1843317.0,4,0,0
2024-04-16,912722.0,1167233,2079955.0,4,1,0
2024-04-17,1009611.0,1217000,2226611.0,4,2,0
2024-04-18,1045741.0,1252458,2298199.0,4,3,0
2024-04-19,1017679.0,1255319,2272998.0,4,4,0
2024-04-20,955158.0,1139768,2094926.0,4,5,1
2024-04-21,1006343.0,1136812,2143155.0,4,6,1
2024-04-22,1213635.0,1304197,2517832.0,4,0,0
2024-04-23,1202777.0,1331291,2534068.0,4,1,0
2024-04-24,1230656.0,1336396,2567052.0,4,2,0
2024-04-25,1144253.0,1302183,2446436.0,4,3,0
2024-04-26,998472.0,1250987,2249459.0,4,4,0
2024-04-27,779146.0,1121265,1900411.0,4,5,1
2024-04-28,790364.0,1065743,1856107.0,4,6,1
2024-04-29,827932.0,1169719,1997651.0,4,0,0
2024-04-30,720724.0,1141158,1861882.0,4,1,0
